ImageFile,Rating,SortKey
OIP-tr0q1fDCT9CpzzLXvKzplQHaFj.jpeg,0,0
OIP-K2IJLZ51b7jxUZ5BqbK8tQHaFj.jpeg,1,1
OIP-PVC0OpGJYKWGPXgR9YqYQgHaE8.jpeg,0,2
OIP-K2IJLZ51b7jxUZ5BqbK8tQHaFj.jpeg,1,3
OIP-fkPYxdnaJeLEg8SbGLRdEgDVEl.jpeg,0,4
OIP-K2IJLZ51b7jxUZ5BqbK8tQHaFj.jpeg,1,5
297.jpeg,0,6
OIP-K2IJLZ51b7jxUZ5BqbK8tQHaFj.jpeg,1,7
OIP-xG0w41Y3RCTk8EuFgU2pBAHaFG.jpeg,0,8
OIP-K2IJLZ51b7jxUZ5BqbK8tQHaFj.jpeg,1,9
OIP-YaG-7zWoe_kY8_E5JDS5BgHaEK.jpeg,0,10
OIP-K2IJLZ51b7jxUZ5BqbK8tQHaFj.jpeg,1,11
OIP-1whi6SMIAAR3Ajug6S0WWAHaJn.jpeg,0,12
OIP-K2IJLZ51b7jxUZ5BqbK8tQHaFj.jpeg,1,13
OIP-35FBZfSdj8hC6lgbEAm0KwHaKF.jpeg,1,14
OIP-K2IJLZ51b7jxUZ5BqbK8tQHaFj.jpeg,0,15
OIP-35FBZfSdj8hC6lgbEAm0KwHaKF.jpeg,1,16
264.jpeg,0,17
OIP-35FBZfSdj8hC6lgbEAm0KwHaKF.jpeg,1,18
OIP-woTpj996YIVVEIyGYZqIjwHaFZ.jpeg,0,19
OIP-35FBZfSdj8hC6lgbEAm0KwHaKF.jpeg,1,20
OIP-MtNyxD0lQMLcx1WYxu4U8QHaFY.jpeg,0,21
OIP-35FBZfSdj8hC6lgbEAm0KwHaKF.jpeg,1,22
OIP-0vCCO4SZ25nuEydr_cEP3wHaE6.jpeg,0,23
OIP-35FBZfSdj8hC6lgbEAm0KwHaKF.jpeg,1,24
OIP-HzyUyRLWf3l9P-kGpfuNpwHaE_.jpeg,0,25
OIP-35FBZfSdj8hC6lgbEAm0KwHaKF.jpeg,1,26
OIP-uE5MlCoRBH08gYvc8VrYYAHaFj.jpeg,0,27
OIP-35FBZfSdj8hC6lgbEAm0KwHaKF.jpeg,1,28
OIP-ps-HfV9-pZbGPLLfaFQIcgHaE8.jpeg,0,29
OIP-35FBZfSdj8hC6lgbEAm0KwHaKF.jpeg,1,30
OIP-0pQxF5Y-CleEJmJqunELHwHaFj.jpeg,0,31
OIP-35FBZfSdj8hC6lgbEAm0KwHaKF.jpeg,1,32
OIP-8YzaXddi8scg2vTz-MtHLwHaE9.jpeg,0,33
OIP-35FBZfSdj8hC6lgbEAm0KwHaKF.jpeg,1,34
OIP-aHHueIP3PtUiQtR0GzB3-QHaLH.jpeg,0,35
OIP-35FBZfSdj8hC6lgbEAm0KwHaKF.jpeg,1,36
OIP--FJF1fAEKYhaAYF7cVpHNgHaFj.jpeg,0,37
OIP-35FBZfSdj8hC6lgbEAm0KwHaKF.jpeg,1,38
OIP-f6QKLc-QRA3WFTEyMf1cXgHaFj.jpeg,0,39
OIP-35FBZfSdj8hC6lgbEAm0KwHaKF.jpeg,0,40
OIP-Fwkby2z1vd6NaTac-bOPagHaFj.jpeg,1,41
OIP-PdGwmM0tUThLkXi5w9EJCQHaLH.jpeg,0,42
OIP-Fwkby2z1vd6NaTac-bOPagHaFj.jpeg,1,43
OIP-Z9wGusnpjaWEUwcU_gcMHgHaEA.jpeg,0,44
OIP-Fwkby2z1vd6NaTac-bOPagHaFj.jpeg,1,45
OIP-Mrn40iI28Kcp9A4-GAM25wHaE8.jpeg,1,46
OIP-Fwkby2z1vd6NaTac-bOPagHaFj.jpeg,0,47
OIP-Mrn40iI28Kcp9A4-GAM25wHaE8.jpeg,1,48
OIP-4DV69QguK7t2cXbc_9tfRAHaEx.jpeg,0,49
OIP-Mrn40iI28Kcp9A4-GAM25wHaE8.jpeg,1,50
OIP-Jd_O7MOLVbz1q4tVA52o2AHaE3.jpeg,0,51
OIP-Mrn40iI28Kcp9A4-GAM25wHaE8.jpeg,0,52
OIP-4cS56xQG-327v0ebl_tlOAHaF8.jpeg,1,53
OIP-0o7O9tycgwlNW03keu57dQHaEK.jpeg,0,54
OIP-4cS56xQG-327v0ebl_tlOAHaF8.jpeg,1,55
OIP-v0HupggYwcL8lmSc9NkTNQHaFj.jpeg,0,56
OIP-4cS56xQG-327v0ebl_tlOAHaF8.jpeg,1,57
OIP-98fe22SNhuJKz0gdPBv3pwHaFR.jpeg,0,58
OIP-4cS56xQG-327v0ebl_tlOAHaF8.jpeg,1,59
OIP-oHRr3cjAFT82F4-30iDHFAHaE7.jpeg,0,60
OIP-4cS56xQG-327v0ebl_tlOAHaF8.jpeg,1,61
OIP-8jiM4mnneAkgLquF8-JlCQHaEL.jpeg,0,62
OIP-4cS56xQG-327v0ebl_tlOAHaF8.jpeg,1,63
OIP-bMKsxke8MFIe8DpTIUKeFwAAAA.jpeg,0,64
OIP-4cS56xQG-327v0ebl_tlOAHaF8.jpeg,1,65
OIP-gNIsTamv-J2wjgPqXuTB4AAAAA.jpeg,0,66
OIP-4cS56xQG-327v0ebl_tlOAHaF8.jpeg,1,67
OIP-2cqlUfhKMre4d3anNXGJ3wHaEK.jpeg,0,68
OIP-4cS56xQG-327v0ebl_tlOAHaF8.jpeg,1,69
eb36b40e20fc063ed1584d05fb1d4e9fe777ead218ac104497f5c97ca5ecb3b9_640.jpg,0,70
OIP-4cS56xQG-327v0ebl_tlOAHaF8.jpeg,1,71
kristin-lopez-416908-unsplash.jpg,1,72
OIP-4cS56xQG-327v0ebl_tlOAHaF8.jpeg,0,73
kristin-lopez-416908-unsplash.jpg,1,74
OIP-ggoDgh2CK2Cfs56cgyRNEwHaEK.jpeg,0,75
kristin-lopez-416908-unsplash.jpg,1,76
OIP-n37p5Iui50HA2TKZgNLniAHaKC.jpeg,0,77
kristin-lopez-416908-unsplash.jpg,1,78
OIP-sXkterPJPpYGo25MzWWG_gHaFv.jpeg,0,79
kristin-lopez-416908-unsplash.jpg,1,80
OIP-FQ0-m9Pdq9nQD9R_YBRtogHaDl.jpeg,0,81
kristin-lopez-416908-unsplash.jpg,1,82
OIP-fi-X4s4Ft1f6Rh8SGXUp5gHaKY.jpeg,0,83
kristin-lopez-416908-unsplash.jpg,1,84
OIP-C8nd_wXtOBFvWTmzLBF5GwAAAA.jpeg,0,85
kristin-lopez-416908-unsplash.jpg,1,86
OIP-y7PQi9MNrhQFZuDIA3O_1wHaFj.jpeg,0,87
kristin-lopez-416908-unsplash.jpg,1,88
OIP-E2eukBmosgatHOYO8lCNsQHaNL.jpeg,0,89
kristin-lopez-416908-unsplash.jpg,1,90
OIP-4uIe_ew67zQwjH0MqwKlzwHaFJ.jpeg,0,91
kristin-lopez-416908-unsplash.jpg,1,92
OIP-GPfV2Z5_ZLKHq8NBBzy_yQHaFj.jpeg,0,93
kristin-lopez-416908-unsplash.jpg,1,94
ea36b20c29fc033ed1584d05fb1d4e9fe777ead218ac104497f5c97faee9bdba_640.jpg,0,95
kristin-lopez-416908-unsplash.jpg,1,96
OIP-Ypa6EztPrgILj1YBHifmswHaFj.jpeg,0,97
kristin-lopez-416908-unsplash.jpg,1,98
eb3cb30e2afd043ed1584d05fb1d4e9fe777ead218ac104497f5c978a6eab2b0_640.jpg,0,99
OIP-vTGepm8oxn8bWhr5gXEMNQHaEt.jpeg,0,100
OIP-hIcYVeuMg7Xvu3XEWw0ERgHaJF.jpeg,1,101
31.jpeg,1,102
32.jpeg,0,103
OIP-iyfTWYmICwO9-0raqeAlSgHaF7.jpeg,0,104
OIP-IY-HAhVweVzY3DJc5Hxc2gHaG1.jpeg,1,105
OIP-lUbwHEFg3k-4XaLUtOOLHAAAAA.jpeg,1,106
OIP-LuCD8_TrFvXjujRJzZh6VwEsD8.jpeg,0,107
OIP-lSw0IFTLjd4w_DkGgolHhgHaFj.jpeg,1,108
OIP-lswuz12GTVfoUmEHvTzYrgHaEb.jpeg,0,109
78.jpeg,1,110
80.jpeg,0,111
OIP-Oi5aF5VjArS3G8GBL2tjEgHaFj.jpeg,1,112
OIP-Oi97_p0gYb0OFNH7k6dJWwHaFs.jpeg,0,113
OIP--nv0ULgarE30Rnob-BqPuAHaE8.jpeg,1,114
OIP-nv7-ucuW3yDeN5I13UjTgAHaED.jpeg,0,115
OIP-nXmtX3dcgbK1YPA3YkRlGwHaFQ.jpeg,0,116
OIP-nXoJiHvNnNDV6fI5LZQL2gEsDl.jpeg,1,117
OIP-NAlkwBmbM-Eab6Aj_LGbIQHaLH.jpeg,0,118
OIP-naMrKrHPLbABLO-JOUIj2QHaJ4.jpeg,1,119
OIP-MsnjQaWm1sjzi4Zvzr5L7gHaE6.jpeg,0,120
OIP--msqs5Bmw4nKoAAq10fZCQHaNd.jpeg,1,121
OIP-nhaiq7vf4qN_78LPJmXMJgHaFj.jpeg,0,122
OIP-NHalG0PL4f_1o9j_Wmr2rAHaFk.jpeg,1,123
OIP-OZ9O6F3LSb1-qb_WvbucJQHaFO.jpeg,1,124
OIP-ozbb9b0rp7WdmTTTJ_asIgHaJ4.jpeg,0,125
OIP-ioY3wqKQB2TjqrCB20AeiAHaJ4.jpeg,0,126
OIP-ip7A6raKcpjmM6KbfwR4iAHaD3.jpeg,1,127
OIP-PxevTr9SqCQyoQjMszFyHwHaFj.jpeg,1,128
OIP-PXF7yhBIAIlPl8d7jsivhwHaHQ.jpeg,0,129
OIP-PU-BeFCd7dkyTjH8tjSjgwHaE7.jpeg,0,130
OIP-PuBguEGZGtYkw7-NtPTuDAHaIj.jpeg,1,131
OIP-mwR-IUWs-rvE6N9H8SbdpAHaE4.jpeg,0,132
OIP-mWRvhrLcX8xFhtV5BFOmVwAAAA.jpeg,1,133
96.jpeg,1,134
97.jpeg,0,135
28.jpeg,0,136
30.jpeg,1,137
23.jpeg,0,138
25.jpeg,1,139
155.jpeg,1,140
156.jpeg,0,141
214.jpeg,0,142
215.jpeg,1,143
OIP-iJ_PmuOktwla5BiRkAe8gAHaFV.jpeg,1,144
OIP-IJPOylSUs2KThv1x04BL3QHaHa.jpeg,0,145
OIP-nCZla52ke88_TceE4JXYnAHaH5.jpeg,1,146
OIP-nd_6tOJQGX6jIcwEf-8pYgHaE8.jpeg,0,147
137.jpeg,1,148
138.jpeg,0,149
OIP-QC3WdnrfcGU27VdR0gsOpAAAAA.jpeg,0,150
OIP-Q-CCNK3jp7BZ-_XoMAsW2wHaFz.jpeg,1,151
68.jpeg,0,152
70.jpeg,1,153
OIP-j2BSOd_rGkiH2PgdLi-5ZQHaGT.jpeg,1,154
OIP-j3BVr8x8a3elEYZ-JI5s4QHaFU.jpeg,0,155
OIP-Na3Ad9egiSrr2s0LnnRidgHaIp.jpeg,0,156
OIP-NaBEUZUH7Gd5nM0U7uQlxAHaHa.jpeg,1,157
227.jpeg,1,158
230.jpeg,0,159
OIP-O6lLKhvxP-sOdOpUu8Cn7gHaEL.jpeg,1,160
OIP-O6QOWTRPPTrpoqKV6lxQnAHaFj.jpeg,0,161
OIP-qdyuco_2aXJC5gTsiCTNrQHaGh.jpeg,1,162
OIP-qDzpDAL1Hd7IZw7EBV1t6QHaFj.jpeg,0,163
OIP--pMZNATl-k0LT3yHuKVfwAAAAA.jpeg,0,164
OIP-pMZYvcZG1XCJ0RE13IymHQHaEp.jpeg,1,165
76.jpeg,0,166
77.jpeg,1,167
110.jpeg,0,168
111.jpeg,1,169
OIP-ppMTN3R12CSlJRhVMe611wHaIj.jpeg,0,170
OIP-pPNT2MCKFfteNzvPkV8f6wHaHa.jpeg,1,171
OIP-ju4CROlyrKQUMfOWIRJYrQHaHa.jpeg,1,172
OIP-juaBGLo_4O-wI_vKDhZ9jQHaE7.jpeg,0,173
249.jpeg,1,174
250.jpeg,0,175
OIP-OdbybRkXkQ6PYz4IeoBH_wHaE8.jpeg,0,176
OIP-OdFeP3xl0awEQhp9R4IiCQHaFj.jpeg,1,177
OIP-mP81_3xL17FQ52QpgnlEFAHaFj.jpeg,0,178
OIP-Mp6o7QMWAIOXwtnWMcPXHQHaE8.jpeg,1,179
127.jpeg,1,180
128.jpeg,0,181
143.jpeg,1,182
144.jpeg,0,183
OIP-N4r64Zz9kbyJgMz3CMmdawHaFj.jpeg,0,184
OIP-N4TkThCX2kNaUeOW0nEBTAHaFU.jpeg,1,185
70.jpeg,1,186
72.jpeg,0,187
OIP-9t0F3z6NC9QSacGMI2SzsgHaFi.jpeg,1,188
ea36b60b2bf4083ed1584d05fb1d4e9fe777ead218ac104497f5c97faee9bdba_640.jpg,0,189
204.jpeg,0,190
205.jpeg,1,191
41.jpeg,1,192
42.jpeg,0,193
184.jpeg,1,194
185.jpeg,0,195
136.jpeg,0,196
137.jpeg,1,197
257.jpeg,0,198
258.jpeg,1,199
136.jpeg,0,200
137.jpeg,1,201
16.jpeg,1,202
17.jpeg,0,203
81.jpeg,1,204
84.jpeg,0,205
OIP-j5GpAVzKafPvwcp4spAsAwHaEy.jpeg,0,206
OIP-j5H5QbcwjO8VC40pZFMMxwHaE8.jpeg,1,207
145.jpeg,0,208
146.jpeg,1,209
OIP-IjQKY3BhfycCgvEW6m-6mgHaJj.jpeg,1,210
OIP-ijqVUl3UWXD2zzS00L_ZMwAAAA.jpeg,0,211
OIP-NYIgh0FElpEwA4s6VlNKdgHaEy.jpeg,1,212
OIP-nYISNH31WMBgnbw5BRjTqgHaFb.jpeg,0,213
101.jpeg,0,214
102.jpeg,1,215
123.jpeg,0,216
124.jpeg,1,217
81.jpeg,1,218
84.jpeg,0,219
72.jpeg,0,220
73.jpeg,1,221
183.jpeg,0,222
184.jpeg,1,223
OIP-oFlsAKeFZ3-MUfGVyrDIJwHaE8.jpeg,1,224
OIP-OFLSUtD7ASLT5_yu7WvSKQHaE8.jpeg,0,225
233.jpeg,0,226
234.jpeg,1,227
OIP-jOynit10Wykz6Ct71iKKbwHaLI.jpeg,0,228
OIP-JoYor8Yj_JEw-QkHJMr9VgHaEK.jpeg,1,229
193.jpeg,1,230
194.jpeg,0,231
OIP-ITSj-MbXDOKiTLxQ-jXMmAAAAA.jpeg,1,232
OIP--ittZIBa1ox84GW8FmIWAwHaGH.jpeg,0,233
53.jpeg,0,234
54.jpeg,1,235
OIP--MJtxAyJ4vShQJpOmC8ssAHaG_.jpeg,1,236
OIP-mJtyCxDDt6ow5nNV9oaLxwHaE7.jpeg,0,237
234.jpeg,1,238
235.jpeg,0,239
241.jpeg,0,240
243.jpeg,1,241
110.jpeg,0,242
111.jpeg,1,243
97.jpeg,1,244
98.jpeg,0,245
239.jpeg,0,246
240.jpeg,1,247
OIP-nXoJiHvNnNDV6fI5LZQL2gEsDl.jpeg,0,248
OIP-nXp3D3FO22tV6SLkEFEtsAHaE7.jpeg,1,249
OIP-jIEaN8LOReeTuXfCwpvNTQHaFj.jpeg,1,250
OIP-JIF-5yd2jw2Dos8PVzda9AHaE8.jpeg,0,251
112.jpeg,1,252
115.jpeg,0,253
OIP-mQDNklTyR50a7VUuQxPe3gHaEK.jpeg,1,254
OIP-MQdrsk0ZSdLGkiSYmtjw9gHaE7.jpeg,0,255
166.jpeg,1,256
167.jpeg,0,257
OIP-qLp9ZPGlvzCgvRRp5pukyQHaJa.jpeg,0,258
OIP-qlqdrBFRYd-aQ5zcnB5OvgHaE7.jpeg,1,259
OIP-NyAXEzXksq8lIt7CK71J2QHaE8.jpeg,0,260
OIP-ny-BJamu1Zu484JSledlAgHaEK.jpeg,1,261
138.jpeg,0,262
139.jpeg,1,263
OIP-nCX1jpoZwIyL78-t8GhgCwHaFj.jpeg,0,264
OIP-NcXjKv6b2P0tG90qBCG9MwHaFj.jpeg,1,265
73.jpeg,1,266
74.jpeg,0,267
OIP-JRStfdfy4vQal1Sqcdc-ugHaIP.jpeg,1,268
OIP-JRUuHv6EDSnTQnvKwxt3UgHaE8.jpeg,0,269
OIP-N1qUgC3OBMA7K4fnyFEztwHaFi.jpeg,0,270
OIP-N1VRShGh0nyoABHiGtkgBwHaE6.jpeg,1,271
205.jpeg,1,272
206.jpeg,0,273
OIP-NOBug7DrHccDEluQto2QXgHaJ3.jpeg,0,274
OIP-nOd5SwUyWFUWZCXLZsQJgAHaGL.jpeg,1,275
OIP-wUfr56atZrSlV9zrUA8PUgHaFR.jpeg,0,276
OIP-F-aM4u2d-4NURiVCUwFjHgHaNK.jpeg,1,277
OIP-nHIvZDe_bVjgOpYwoB4epAHaEO.jpeg,1,278
OIP-nHjab7wjrv95BCcma4-h9AHaJQ.jpeg,0,279
OIP-joHOOC3lIYUJd6DYZrrAywHaGC.jpeg,0,280
OIP-JOIf88fIShFnFb4bZ__O2QHaE8.jpeg,1,281
OIP-oyw18NqxzhIjgHqDD-_EnAHaFj.jpeg,1,282
OIP-oyXE7TPyhzEC8WpUwt8s5gHaFj.jpeg,0,283
140.jpeg,1,284
141.jpeg,0,285
28.jpeg,0,286
30.jpeg,1,287
OIP-qgumq9GHJPRM_Yxuuq7b-gHaE-.jpeg,0,288
OIP-qGuyYzG52QpEgd2KrUZDswHaEy.jpeg,1,289
OIP-p3-r98PajoI01F3FRYGq2AHaFj.jpeg,1,290
OIP-p3W025CwtJphmbMY4WBD1QAAAA.jpeg,0,291
OIP-OjF3gV0GUU5BsFYHGh5FTQHaJ4.jpeg,0,292
OIP-OjfcrBeDKaReb1qnZfQm5wHaJy.jpeg,1,293
72.jpeg,0,294
73.jpeg,1,295
OIP-OvTnSlsozZM6aMQ-rYKMjAHaE0.jpeg,1,296
OIP-ovTP44ab_xRL6E_7rt6BnwHaEK.jpeg,0,297
OIP-Q8GfUxJOrlgSu9y-6n120AHaFj.jpeg,0,298
OIP-Q9ofEC5Rm2tQ_VaQ2UC_YgHaJK.jpeg,1,299
OIP-nnIlAFrGDF0xefKBkVpZ-AAAAA.jpeg,0,300
OIP-nNJaO3qOzoDa8SmOImlqzgHaFj.jpeg,1,301
233.jpeg,0,302
234.jpeg,1,303
OIP-ORk5pCndMN_WIUcFePAlQwAAAA.jpeg,0,304
OIP-ORk5pCndMN_WIUcFePAlQwHaGC.jpeg,1,305
254.jpeg,1,306
255.jpeg,0,307
238.jpeg,1,308
239.jpeg,0,309
84.jpeg,0,310
87.jpeg,1,311
OIP-PyJZnpSfozsxk3nfGtqLhgHaFi.jpeg,1,312
OIP-PYMSBnFFf7PoMos6NCIdpwHaE7.jpeg,0,313
OIP-ODy0ssYPgU7O9z_g7jnF3QHaE8.jpeg,1,314
OIP-OdYEUECxtF_H3wv7AfobXwHaF5.jpeg,0,315
OIP-qldG8MmGuoVAteMUxwFrCQHaKr.jpeg,0,316
OIP-qLhtACvQSipptGd_4HOU_gHaLH.jpeg,1,317
OIP-NKUwWN7J5WhjFzBhNjSwrAHaEL.jpeg,1,318
OIP-Nkv08p-4kQwgG2EIme59dAHaFi.jpeg,0,319
OIP-IC_jUFYzEXO9ESFuIR5QGQHaEL.jpeg,1,320
OIP-ICKo74bipTib_dJkKLlTPgHaE7.jpeg,0,321
151.jpeg,1,322
152.jpeg,0,323
OIP-mWSyOgJH4h6FCHdqd6hLugHaE8.jpeg,1,324
OIP-mwUrNmVOftCvS6_JhyQE-QHaFA.jpeg,0,325
157.jpeg,1,326
158.jpeg,0,327
220.jpeg,1,328
221.jpeg,0,329
163.jpeg,1,330
165.jpeg,0,331
OIP-izNZeHrZCBLt0-pATXSB_wHaET.jpeg,1,332
OIP-iZo9sJOz-Okw5PwM0edzXQHaD8.jpeg,0,333
106.jpeg,0,334
108.jpeg,1,335
172.jpeg,0,336
173.jpeg,1,337
OIP-lTgHN-cwVwBexmV2rwPVewHaFj.jpeg,0,338
OIP-LTIEgRV5RuloawmSOcGY6QHaEo.jpeg,1,339
92.jpeg,0,340
93.jpeg,1,341
OIP-mwUrNmVOftCvS6_JhyQE-QHaFA.jpeg,1,342
OIP-MwvjgdQ2_TXZQnnbl0ZbQwHaGC.jpeg,0,343
OIP-mJntGvSkpSMQmYqHbYntXwHaHw.jpeg,1,344
OIP-mjnwjDwRwHOKLerTgS2CiwHaLG.jpeg,0,345
194.jpeg,1,346
198.jpeg,0,347
149.jpeg,0,348
150.jpeg,1,349
247.jpeg,0,350
249.jpeg,1,351
77.jpeg,1,352
78.jpeg,0,353
176.jpeg,1,354
178.jpeg,0,355
OIP-pr7zVd0zyjmCSS19x8x99wHaEk.jpeg,0,356
OIP-pR0ZNk54KL87fCL6UDQHjAHaEa.jpeg,1,357
OIP-EsgVa5hhBk8nSBhXsrNdVwHaFJ.jpeg,1,358
OIP-1PP_G9o3_pHuwi-KpHzhbQHaE8.jpeg,0,359
235.jpeg,1,360
236.jpeg,0,361
OIP-iRxL5WBH-AU4cnR4ZrNWcQHaFj.jpeg,1,362
OIP-irXUkW1r7qKiyAE7X9DUswHaG7.jpeg,0,363
OIP-IA4r4urEJDVC1GxIv-0E2gHaHH.jpeg,1,364
OIP-IAEQKLmyQDP3pkSmF316IgHaE7.jpeg,0,365
OIP-poLDoN04EWZDDpEsPLpq6AHaJ4.jpeg,1,366
OIP-pOoxpwU8LTIdC69sVKLKbQHaEK.jpeg,0,367
OIP-JKkmJ2FOE3OMmdjiJAij_QHaFj.jpeg,0,368
OIP-JKL0weImp3YH9PIRnHYt2wHaEK.jpeg,1,369
OIP-OylrX2E3WZyaWLZfXCpK_QHaE8.jpeg,0,370
OIP-OYm86z-SuQPW_v8_fnzJYQHaFH.jpeg,1,371
49.jpeg,0,372
50.jpeg,1,373
OIP-IY0LXbcKBckGuOSS5hKtBwHaEX.jpeg,1,374
OIP-IY6yfNSNCZqey3_6qxUYfQHaG2.jpeg,0,375
OIP-ijrtUCO3tE0opoU1jfXSyQHaFj.jpeg,0,376
OIP-IjsUGdcSAtZNCN0uaxdjggHaE8.jpeg,1,377
OIP-jfWakMbJsHAtpGbMCleZWAAAAA.jpeg,0,378
OIP-S0g1PbhR180IevY9Nre9xgHaFj.jpeg,1,379
OIP-IaW4omWfxeCI8YShowq0fgHaJH.jpeg,0,380
OIP-IaYDeqBtHIymQ3IeshxWngHaJ4.jpeg,1,381
OIP-pIs52vv9waCggYfGQGy10wHaEK.jpeg,1,382
OIP-pIYXzzLENXPh5KhXsKzlIQHaE8.jpeg,0,383
OIP-i467eIS30UhA3i4xKFmY-wHaFk.jpeg,0,384
OIP-i787frQ771CACCzrPtDeVAHaF7.jpeg,1,385
109.jpeg,1,386
110.jpeg,0,387
OIP-YHyLhAJjDfbyuq4CHw58xgHaE7.jpeg,1,388
OIP-2Ime8JktOTjmGTBqzuurbAHaE7.jpeg,0,389
OIP-jFe8HXg0jK7EdtGjJm_q2QHaFj.jpeg,0,390
OIP-jFfB9qaDcq1z8syILqguuwHaLn.jpeg,1,391
OIP-oYpAwJogIPmMb62wQqx3OgHaE6.jpeg,0,392
OIP-oYSIK5L_0lcKI4JTBCjFlgHaFj.jpeg,1,393
OIP-gGk_AZZNOiKWzVzZkPtG_gHaEr.jpeg,0,394
OIP-dGP-oNaM8aFkSYdl7SNSMwHaEK.jpeg,1,395
80.jpeg,1,396
81.jpeg,0,397
OIP-ORmYlvHr2lfM8Ah7fZFpPAHaFc.jpeg,1,398
OIP-oRoEHRJafHVgndnlljcakQHaFj.jpeg,0,399
OIP-oMtjbxfkXYd1nUtlbsI6jAHaHa.jpeg,0,400
OIP-oMvfVKHfhIePZkWJ0kZgxgHaE7.jpeg,1,401
OIP-qI71mZ2LGvAUCcfpmOpDKgHaHa.jpeg,0,402
OIP-Qi5l77_A-WH1ZOuhMIg8bQHaE7.jpeg,1,403
OIP-3VKq4xD-wk3AYbrHwNR_swAAAA.jpeg,1,404
OIP-H-lOD8RAB1ZWa00kF6NtBQHaFL.jpeg,0,405
OIP-IdwDbMWdcB-UqSLhuqd58QHaE8.jpeg,1,406
OIP-IdwknZigv8SLK_mcC-6c3AHaF_.jpeg,0,407
OIP-OBmNP1EbjyYEhd8K1_ll1wHaFs.jpeg,1,408
OIP-ObmP80pZ3fTbOz1jI7C8HQHaEK.jpeg,0,409
OIP-PI72OVgnbpGuRo4qPXwOgQHaFj.jpeg,1,410
OIP-pIa9vwD8Hu2_yBWRUvq5zwHaFj.jpeg,0,411
193.jpeg,1,412
194.jpeg,0,413
1820.jpeg,1,414
OIP-fGP9FXk3js9dYQsaXgrkqQHaE8.jpeg,0,415
60.jpeg,0,416
61.jpeg,1,417
139.jpeg,1,418
140.jpeg,0,419
OIP-NCUGAITXHa-K_JwvPOAORwHaGL.jpeg,0,420
OIP-nCV_9rgQQuMCskXx9xVQHAHaFj.jpeg,1,421
40.jpeg,0,422
41.jpeg,1,423
eb35b60a20f71c22d2524518b7444f92e37fe5d404b0144390f8c079a1e8b6_640.jpg,1,424
OIP-z6_541dmzAK5YKbyqjQavAHaE7.jpeg,0,425
OIP--lQfG3dmbRP866b7nr4zjwHaHi.jpeg,0,426
OIP-lqfHMXCO7jz684fGWak8oQHaFk.jpeg,1,427
49.jpeg,0,428
50.jpeg,1,429
OIP-jkSSE271N6FKGewi4zpTzwHaF7.jpeg,0,430
OIP-j_kSTRlCMhkkGPb5XiH51wHaFj.jpeg,1,431
OIP-oP9eJsCiToqPhlmndzKcXQHaFj.jpeg,0,432
OIP-oP97Eu7XdyV-mvVO4yU5-wHaJ3.jpeg,1,433
OIP-Gi7lrDoPw3qA7f3LdQlvYwHaJV.jpeg,1,434
OIP-eBz0b2spdTJqzgBwxOA33gHaKy.jpeg,0,435
17.jpeg,1,436
19.jpeg,0,437
89.jpeg,1,438
91.jpeg,0,439
OIP-NfN58y1BVV2lU9BcTPtsSwHaFW.jpeg,1,440
OIP-NFOKBzCHl4zJSQskoswiHgHaHa.jpeg,0,441
OIP-irXUkW1r7qKiyAE7X9DUswHaG7.jpeg,0,442
OIP-IRY2fgZpTcnt87DtPowl9QHaE8.jpeg,1,443
OIP-IkyxlVuV-45ZACntNtvSZQAAAA.jpeg,0,444
1446.jpeg,1,445
OIP-naMrKrHPLbABLO-JOUIj2QHaJ4.jpeg,0,446
OIP--NAPo0ui5nDnP2yWWIUrpgHaEo.jpeg,1,447
OIP-oJoeI32DzUKM0K4jASy3WAHaHZ.jpeg,1,448
OIP-oJoWTsnADtufjeXd-ky1ZAHaEK.jpeg,0,449
193.jpeg,1,450
194.jpeg,0,451
OIP-jS-5IotvdWLUGjNP3ETKQAHaHU.jpeg,1,452
OIP-JS1Z-umaK-yACjonR7_oqAAAAA.jpeg,0,453
OIP-8sXoMRwYm-K96aUBftJkMwHaE8.jpeg,1,454
OIP-espd0FgnvSnESaKAIft8UQHaFi.jpeg,0,455
OIP-mv03IMhgelfxjelJmgh5RQEsDJ.jpeg,0,456
OIP-mV9EwPnW1hJsmgEQ-HtX_QHaHa.jpeg,1,457
OIP-iLoG-eIlsFTmo0cjIcb_KQHaH6.jpeg,0,458
OIP-IL_OUQQPkUtdr8DYZWwkigHaJl.jpeg,1,459
190.jpeg,0,460
191.jpeg,1,461
47.jpeg,1,462
49.jpeg,0,463
155.jpeg,1,464
156.jpeg,0,465
OIP-MuCxs-yfS1yQ-L5b8IvnGgHaFZ.jpeg,1,466
OIP-MuD7TVUXq4IzCAhGBJ3rUAHaFC.jpeg,0,467
OIP-QavRk_mtjk2lz0AB3E8VlAHaHa.jpeg,0,468
OIP-qAYLFNDuTPHUGpHrjvmbMwAAAA.jpeg,1,469
41.jpeg,1,470
42.jpeg,0,471
65.jpeg,0,472
66.jpeg,1,473
OIP-jgkIx42Ltpn00AhnTHSlcwHaEK.jpeg,0,474
OIP-S5AHQ7lUGNIFixmZvHBO4wHaFL.jpeg,1,475
OIP-nnnIiaQDyCzsBULQziffLAHaE8.jpeg,0,476
OIP-NNntiXFRT7b1PX6HxiIqPAHaGP.jpeg,1,477
129.jpeg,0,478
130.jpeg,1,479
OIP-ntg8OWORsLbBSNogVEcQuQHaEU.jpeg,0,480
OIP-Nth0jEidGsq9kFYyOHka7wHaE7.jpeg,1,481
200.jpeg,0,482
202.jpeg,1,483
OIP-nJRVDx8xj_tqghaw8r6hEQHaFj.jpeg,1,484
OIP-NJSdBYvw7tDvFmJ97V7hfAHaHg.jpeg,0,485
35.jpeg,1,486
37.jpeg,0,487
158.jpeg,0,488
159.jpeg,1,489
OIP-PdCyhw1I2UGTOkykUGsawgHaFj.jpeg,1,490
OIP-PDDuqry4u6RGUO3WHNWU0QHaGv.jpeg,0,491
54.jpeg,1,492
56.jpeg,0,493
42.jpeg,0,494
43.jpeg,1,495
OIP-IHSp3lyt8mO5usiN4_NxlAHaE8.jpeg,1,496
OIP-IhV84f2zZysn1XatVGsKlQHaH-.jpeg,0,497
61.jpeg,0,498
62.jpeg,1,499
OIP-HVP9RGzPTZrKAXNFkm_jsAAAAA.jpeg,0,500
478.jpeg,1,501
OIP-Ios5B6hddOWTAmbzl26s9QHaIw.jpeg,0,502
OIP-IOs3PdPYAyv_atsshG_6kAHaJQ.jpeg,1,503
OIP-nM-kxlZIf6lwqjju-V9ApgHaFj.jpeg,1,504
OIP-NMll0Y3gwabiKMYrBeFkMAHaEr.jpeg,0,505
OIP-nRJIWm0m9DqrCOhtpwpeowHaFj.jpeg,1,506
OIP-NRLWkyWgW45GyLT4O3x2gwHaJ3.jpeg,0,507
171.jpeg,0,508
172.jpeg,1,509
OIP-rSh8k1QPzVCThP58r-GURAHaNK.jpeg,0,510
OIP-qfCAdEd0FZWp7GxVSUSq1AHaE5.jpeg,1,511
143.jpeg,1,512
144.jpeg,0,513
250.jpeg,1,514
251.jpeg,0,515
47.jpeg,1,516
49.jpeg,0,517
OIP-hYm3FUSQoKcJZVtJUtYLPwHaFb.jpeg,0,518
OIP-BaOtxxxPyNqYfb12zI0-BwHaE6.jpeg,1,519
OIP-plLzB5YB4zvZAWBaBpjVxQHaE7.jpeg,1,520
OIP-plmPFEoTORPg3tWIGfe4YAEsDS.jpeg,0,521
3.jpeg,0,522
4.jpeg,1,523
OIP-i11vUU7irGGVdL8chgbcXwHaGE.jpeg,0,524
OIP-i24nnwqByBI1B5rRUMr-1QHaJ3.jpeg,1,525
1.jpeg,0,526
2.jpeg,1,527
OIP-_ldNZbUn7uMvIdsTA6bKHAHaIP.jpeg,1,528
OIP-5KN31a2lj9lgCtT0855pmwHaDg.jpeg,0,529
OIP-JIzd5fQonthXLv2d_M6izwAAAA.jpeg,0,530
OIP--jJ32MJkOTeadZ2mrg_HyAHaGN.jpeg,1,531
OIP-IBHjpJIZw4WY3Y4knGBCEQHaFj.jpeg,0,532
OIP-IBlYOA5D35s6YTpKmlS4pwHaFz.jpeg,1,533
OIP--oBsJIeAn_f5_DI1XJ9O6wHaF7.jpeg,1,534
OIP-ObSZXVI1eF-1AyKl97BDAwHaFJ.jpeg,0,535
OIP-OFUDwtAy8x5kussyJ4AYhAHaFZ.jpeg,1,536
OIP-oFv7kJFy6otBlQ1SY-r5ywHaJa.jpeg,0,537
OIP-R6D2cCi4MrXf-DfG5IRmWQHaEX.jpeg,0,538
967.jpeg,1,539
OIP-j4gAx87n0pVrqubDWglubwHaFj.jpeg,1,540
OIP-j4iHZ8nLwV-V69jfuHX_pAHaE8.jpeg,0,541
6.jpeg,0,542
7.jpeg,1,543
OIP-MHd0ZMn7mQ_AE12urOOgEQHaFj.jpeg,1,544
OIP-mhdVio3Q-Nfg_5FFz4cWzgHaFY.jpeg,0,545
OIP-O5WpxOqtdBPculR0F_mT5QAAAA.jpeg,1,546
OIP-O6lLKhvxP-sOdOpUu8Cn7gHaEL.jpeg,0,547
104.jpeg,0,548
105.jpeg,1,549
OIP-JmqUTF1vlowdXNXV6BhOJAAAAA.jpeg,0,550
OIP-jN5EEnuZDfPeHpMkFX5huAHaFj.jpeg,1,551
OIP-O_UKJzhNe7f3PfNQmWryVQHaGJ.jpeg,1,552
OIP-OuLZ5AcJEYwHkKiKZipE7AHaFj.jpeg,0,553
35.jpeg,1,554
37.jpeg,0,555
OIP-obuEJbAtZsCMyhzWF7Pb7gHaM0.jpeg,0,556
OIP-OBUuXWv6mqOEZaiY6i2i5gHaFV.jpeg,1,557
OIP-h5pkF9n5-PKKBMmxO3vlnwHaHa.jpeg,1,558
OIP-duLu1RuKHS9obJxVkrgDbQHaGH.jpeg,0,559
OIP-iI4F6UB17Z50HeWzNmfWsAHaEw.jpeg,0,560
OIP-iI4G2JPrwBn7MdHyJ0dTpQHaEo.jpeg,1,561
OIP-mzkcKXIXsO7rXK6sOJxGGQHaGz.jpeg,1,562
OIP-mZlS1yCT8SGBx8D2rQiqrAHaFk.jpeg,0,563
191.jpeg,0,564
192.jpeg,1,565
59.jpeg,1,566
60.jpeg,0,567
eb3cb00d20fc013ed1584d05fb1d4e9fe777ead218ac104497f5c978a6ebb3bf_640.jpg,1,568
OIP-egGCxXpZhhw_BscBsdyAfgHaDU.jpeg,0,569
33.jpeg,0,570
34.jpeg,1,571
125.jpeg,0,572
126.jpeg,1,573
53.jpeg,0,574
54.jpeg,1,575
41.jpeg,1,576
42.jpeg,0,577
OIP-oZfdfpzcdPP6wZD_shnoTQHaHa.jpeg,1,578
OIP-wGq4cqbM8pFPMIt6V9cAQQHaFc.jpeg,0,579
2.jpeg,0,580
3.jpeg,1,581
225.jpeg,0,582
226.jpeg,1,583
100.jpeg,0,584
101.jpeg,1,585
OIP-NdgwnW6ZQodrhbTsDmrL2gHaE7.jpeg,1,586
OIP-_NdI2cCOqHqFqxgvXctVYAHaE8.jpeg,0,587
OIP-JRUuHv6EDSnTQnvKwxt3UgHaE8.jpeg,1,588
OIP-JrVdnZ2PhUloNROnuTqs1AHaFS.jpeg,0,589
OIP-lpHK8LQnHlCS-RBGhD4rIAHaFj.jpeg,0,590
OIP-LPidqr1aowYstGaXNLLY5AHaD9.jpeg,1,591
162.jpeg,1,592
163.jpeg,0,593
OIP-OLgqBkqAu879TNm2UiJGBAAAAA.jpeg,0,594
OIP-oLiF5jTTqRLfMXn9Zoe4mQHaLv.jpeg,1,595
1814.jpeg,1,596
OIP-_sKXTV7-BoEqAlKYgLG9NQHaFj.jpeg,0,597
OIP--PRmz0al4Y19jI_RrXnrqQHaIX.jpeg,1,598
OIP-PRNCpIh9yIXiygBaQxCyEQHaH4.jpeg,0,599
OIP-P6zhEiAopCUUAhYSTLcTbAHaFS.jpeg,1,600
OIP-P7l6MHcT4fg3Wv7bmkXy6AHaGJ.jpeg,0,601
40.jpeg,0,602
41.jpeg,1,603
OIP-eRWJnt4YABoAbi03_ENxugHaET.jpeg,1,604
OIP-bn1tjeTBsy4MhOqYThocRwAAAA.jpeg,0,605
OIP-Ne_CUBT2WyxoS2-MZ8EJYwHaFj.jpeg,0,606
OIP-NEcuCDcOX3LVEZxgw0geQgAAAA.jpeg,1,607
257.jpeg,0,608
258.jpeg,1,609
OIP-Nd0PE1oo_apToADZMRu35AHaFj.jpeg,0,610
OIP-nDA8_YQPrLNLi3X98xXKjQHaFI.jpeg,1,611
OIP-iITkqCWPA-Hx7EviQKTnBQHaE8.jpeg,0,612
OIP-iitQsbjzA89x0-EKXWExAQHaEK.jpeg,1,613
OIP-qgqH_amJpIuSVz5EkFytlwAAAA.jpeg,0,614
OIP-lw0iQ77npDY864AwGL_2jgHaFj.jpeg,1,615
OIP-P2yEc_CSXvHULCpJFX3uYAHaEz.jpeg,0,616
OIP-P3A_n_R-upozrUVwN00t2wHaFg.jpeg,1,617
147.jpeg,1,618
148.jpeg,0,619
OIP-mwqYAt_D3dE4_Q3vQargfwHaFj.jpeg,0,620
OIP-mwrCt0fwWG7LZ_0fQBEVpgHaGU.jpeg,1,621
OIP-Qms-pUyu5mCx0vB9G19fBgHaHa.jpeg,1,622
OIP-QMUKv3CsS0i_xoIy5FJZMwHaFd.jpeg,0,623
OIP-qSsCkbncn6joqxU6Sx1DuwHaE7.jpeg,1,624
OIP-qSSi-QP7gifcyXriXIfZYQHaE4.jpeg,0,625
OIP-NVMRQ6zIDG-qYLjIEyHUpAHaFc.jpeg,0,626
OIP-nVO_33QCQkHClrSeDXZC5QHaGE.jpeg,1,627
OIP-PYQ2gJnxVIWWLm2N6U2HlwHaMQ.jpeg,0,628
OIP-pYQpJdTKiS0ERYunZdBqAQHaG5.jpeg,1,629
149.jpeg,0,630
150.jpeg,1,631
134.jpeg,0,632
135.jpeg,1,633
OIP-QJNVASYG4lBobxk4SjLYPwHaE7.jpeg,0,634
OIP-ti5ErggD2kQ0AxmjML73UwHaG7.jpeg,1,635
OIP-ifEYNSwg08MokSao4VHlvwHaFi.jpeg,0,636
OIP-iFfC4yK535WoL8zfrjfLaAHaFj.jpeg,1,637
OIP-jFlqh3kdteGMFlOQ0D03tgHaE8.jpeg,1,638
OIP-JfNXxNHEW780ABg9Ta_mkAHaDl.jpeg,0,639
128.jpeg,1,640
129.jpeg,0,641
OIP-J19GpabhHSQlWsVN0gWxGQHaE7.jpeg,1,642
OIP-J31uzi6nCTSeUcWEHtZXjwHaFj.jpeg,0,643
OIP-PFeEDHzfg-4J3Xq687vluwHaFB.jpeg,0,644
OIP-PFfEzR-yINyw0moB6r7NGQHaGU.jpeg,1,645
OIP-ODpo0rtxYVABJtXqtbYO-QHaEm.jpeg,1,646
OIP-OdQG8223lnCVxVWJF_dlSAHaFe.jpeg,0,647
OIP-oFQwK1uEdIImJpB4QO3U2gHaFD.jpeg,1,648
OIP-OfrkGVHkrskVS1I4a1A5agHaE8.jpeg,0,649
161.jpeg,1,650
162.jpeg,0,651
OIP-qijT67pKZkWvimaHT0054wHaFb.jpeg,1,652
OIP-QikUzm0cvZzNmuNl8Swt_gHaEd.jpeg,0,653
OIP-KLVM_DcLBTFpB8FWSUc2iQHaEj.jpeg,0,654
OIP-pIa9vwD8Hu2_yBWRUvq5zwHaFj.jpeg,1,655
68.jpeg,0,656
70.jpeg,1,657
OIP-iDDiwjo-TH2qWBeGD_xqRQHaGf.jpeg,0,658
OIP-iDdjl7n1QoFO_AMImeCdIAHaG-.jpeg,1,659
9.jpeg,1,660
10.jpeg,0,661
105.jpeg,0,662
106.jpeg,1,663
OIP-OebTmLaZ3_uTAsNt2C41QQHaH4.jpeg,0,664
OIP-NKUwWN7J5WhjFzBhNjSwrAHaEL.jpeg,1,665
64.jpeg,0,666
65.jpeg,1,667
232.jpeg,0,668
233.jpeg,1,669
232.jpeg,0,670
233.jpeg,1,671
192.jpeg,1,672
193.jpeg,0,673
OIP-FdX9u3PYs46WWTt0AauKTgHaI-.jpeg,1,674
804.jpeg,0,675
237.jpeg,1,676
238.jpeg,0,677
213.jpeg,1,678
214.jpeg,0,679
16.jpeg,1,680
17.jpeg,0,681
42.jpeg,0,682
43.jpeg,1,683
OIP-6furhdTd-uDJOqgJSnaBmQHaEL.jpeg,1,684
OIP-vgkbrcqhNuCNKR0eWcu5jQHaFN.jpeg,0,685
OIP-ObGlnPV8HOFCnUonD3VFgAHaD_.jpeg,1,686
OIP-oBGwRX44t8Zu2RaPSls-3wHaHa.jpeg,0,687
OIP-j_cV8BfGlw6-GNxhTqEhLwHaE8.jpeg,1,688
OIP-JcvH6xjmON5ENtNyafXd4AHaFj.jpeg,0,689
99.jpeg,0,690
100.jpeg,1,691
OIP-MSbVoCWVJn-tpcWM0CjDZAHaFt.jpeg,0,692
OIP-MSCBAO15YCiodi32oJCV5AHaGs.jpeg,1,693
OIP-LVA8YkOXLqr-PiroNodLCAAAAA.jpeg,0,694
OIP-lvahaiEwQX8jXSo-JeoVowHaGi.jpeg,1,695
70.jpeg,1,696
72.jpeg,0,697
126.jpeg,1,698
127.jpeg,0,699
224.jpeg,1,700
225.jpeg,0,701
OIP-zy-hXRmO2nt1_2ZKcN6rFgHaGR.jpeg,1,702
OIP-zIqEHpGmFhqOyMlLRNAQaAAAAA.jpeg,0,703
187.jpeg,1,704
188.jpeg,0,705
202.jpeg,1,706
204.jpeg,0,707
231.jpeg,1,708
232.jpeg,0,709
OIP-MLPNFUZMWq_J4ilebLHkVAHaE3.jpeg,1,710
OIP-mLQka1Huj6pvTRQPbuLM2QHaFj.jpeg,0,711
OIP-LRi1gHApqJMF9G6HfA-iUwHaJ4.jpeg,0,712
OIP-lrImeZVibVAF8EsMteB-TQHaFE.jpeg,1,713
OIP-nTOOAzcmrSQUhOHHI92EtQHaGf.jpeg,1,714
OIP-N-tPWHoqfyfq29tGIuLc3gHaFc.jpeg,0,715
OIP-oH3wB_ZIFGuJ_HN7oYcboAHaE8.jpeg,1,716
OIP-oH4JBT6ciRDeYu-vWxb1dQHaFj.jpeg,0,717
63.jpeg,1,718
64.jpeg,0,719
142.jpeg,1,720
143.jpeg,0,721
OIP-UCjOqmRzIoBU-Rgwr7mbJAHaE7.jpeg,0,722
OIP-HiUD6pkK3zPM62X5BgoLTgHaEh.jpeg,1,723
42.jpeg,0,724
43.jpeg,1,725
75.jpeg,1,726
76.jpeg,0,727
OIP-irXUkW1r7qKiyAE7X9DUswHaG7.jpeg,0,728
OIP-IRY2fgZpTcnt87DtPowl9QHaE8.jpeg,1,729
OIP-JURzX0B_9PC_pstCUXHL0wHaEf.jpeg,0,730
OIP-JUsasudCg79_E98pIVDqqwHaE8.jpeg,1,731
OIP-XC86OfGsFlKyRzQJLBLVCgHaLS.jpeg,1,732
OIP-Zw7kOwinhlE9mol5L4SJJQHaEo.jpeg,0,733
OIP-I-CXjCcKPS1xyNTtswVW3wHaFj.jpeg,1,734
OIP-IcXpP-PARAlKNQVEda_McwHaE8.jpeg,0,735
21.jpeg,0,736
23.jpeg,1,737
4.jpeg,0,738
5.jpeg,1,739
148.jpeg,0,740
149.jpeg,1,741
OIP-nMiRiSkmHuTJeKlgMyRVtAHaHa.jpeg,1,742
OIP-sS7okrsKnRJhJUj0BeY2wgHaEK.jpeg,0,743
133.jpeg,0,744
134.jpeg,1,745
138.jpeg,0,746
139.jpeg,1,747
103.jpeg,0,748
104.jpeg,1,749
13.jpeg,1,750
14.jpeg,0,751
OIP-qU_1NEwifXZLnZb7C0m75wHaFj.jpeg,1,752
OIP-Qu4jzRnfTOe-VdJhVYLxwgHaEK.jpeg,0,753
75.jpeg,1,754
76.jpeg,0,755
130.jpeg,0,756
131.jpeg,1,757
OIP-PBpY2VUkcZmk17DqdXdfGwHaE6.jpeg,1,758
OIP-pBs4kaVVzvF_jWGX4Sa2OgHaE7.jpeg,0,759
10.jpeg,1,760
11.jpeg,0,761
OIP-sjE-YXucyQAjADyF0l6MawHaLD.jpeg,1,762
ea37b30b2af4073ed1584d05fb1d4e9fe777ead218ac104497f5c97faee9bdba_640.jpg,0,763
OIP-Jwc6ZtGBiIwgh-vs4vDB2QHaE-.jpeg,1,764
OIP-jwDFGi41r7ks3xikwt1rQAAAAA.jpeg,0,765
123.jpeg,0,766
124.jpeg,1,767
OIP-mJtyCxDDt6ow5nNV9oaLxwHaE7.jpeg,1,768
OIP-MJuDSqpWu2z4tS7jS7n8JwHaFj.jpeg,0,769
OIP-JmH7D39l4OAU9AtsQ_ecHQHaE7.jpeg,0,770
OIP-JmhiJL90oZ7EgYmSd6vcnAHaE8.jpeg,1,771
OIP-PccK4IsQWfgehq-hLOqx5AAAAA.jpeg,1,772
OIP-pcdoixst_yR41Rv6iqpDJwAAAA.jpeg,0,773
OIP-Irtv8OWIU3Lz6iYfyG59rQHaEK.jpeg,1,774
OIP-iRwC4V9-kTZln6uCN6smUAHaFc.jpeg,0,775
OIP-oJ8napQN6zLA5MG3qOI20AHaEK.jpeg,0,776
OIP--ojaB8xSPBPAxcGSMxrToQHaF7.jpeg,1,777
OIP-Nv0PXSog7TAhZOSBQcS1wgHaE7.jpeg,1,778
OIP-Nv0U71HT75_9AwMM2gnIWAHaE_.jpeg,0,779
122.jpeg,1,780
123.jpeg,0,781
OIP-259LsbWOMjxEieVas1qjjwHaFd.jpeg,0,782
OIP-obS6sUyUja3QlZ5neeJj5AHaJ4.jpeg,1,783
OIP-VMYUiIBOqzjC_Z_LEHwmvwHaFc.jpeg,0,784
1219.jpeg,1,785
OIP-vFgK1fKE0HQQo5dgTnhSGwAAAA.jpeg,0,786
OIP-3xTrxdwg4dpC-a8is1eaoAAAAA.jpeg,1,787
OIP-pibNhK8eu_PuwTuJzA6SngHaFj.jpeg,1,788
OIP-hcwoSg-Zer6prSHJ2R6sOwHaFe.jpeg,0,789
OIP-V0baI4uuQJNfzTqbniNOcwAAAA.jpeg,1,790
OIP-WjtAQZxSlK1Mk24k0JxQPgHaFj.jpeg,0,791
OIP-rME83hQvAoryna1yrFbUDQHaJ5.jpeg,0,792
OIP-d81m3tsAliB-sHgAvOyNHwHaFj.jpeg,1,793
OIP-XGdXxP-VD6sIfocHYT4HcQHaFj.jpeg,1,794
OIP-uJP3nrXa_cQSQzl4Dj9guAHaE7.jpeg,0,795
e832b10a2fe90021d85a5854ee454296eb70e3c818b413449df6c87ca3ed_640.jpg,0,796
OIP-5aBF2uxc4UEVRCVX4En06AHaE8.jpeg,1,797
OIP-pLwp1U9Ssz52asHHJG4E2gHaGV.jpeg,0,798
OIP-TodZY6m19uUmu53TOkJ3DAHaFc.jpeg,1,799
OIP-AhVWjZy6VerGaBMc6D3j0AHaII.jpeg,1,800
OIP-alyqL-FB25SkS4Tg0wWo8gHaFj.jpeg,0,801
OIP-ytfT8p7tRAYsx1C05S7dFQHaGf.jpeg,0,802
OIP-2vJVf6lOOavv8vWXiqA8qQHaGp.jpeg,1,803
OIP-t4icJ0DsyDvFyoWpS6GhVQHaLH.jpeg,0,804
OIP-WUftdiZO_gNVP-6yUvEMZwHaF2.jpeg,1,805
OIP-ZK59rByJU6CMY9r_X2s3PQHaDt.jpeg,1,806
OIP-UoplqXzODkuKfQY3q6_5nAHaF7.jpeg,0,807
OIP-64ZhIxv2ZsMIeZv2kXA2zwAAAA.jpeg,1,808
OIP-4rXrXifWsK0_TrtdClBESAHaFc.jpeg,0,809
OIP-lkBb0dSX7zipklwIJG2WrgHaKq.jpeg,1,810
OIP-mNhV1Mh01BQUPuFwdxA7vwHaFj.jpeg,0,811
OIP-vPs4Ylha2B60Uez5_SGu8AHaHa.jpeg,0,812
eb31b50b20f0073ed1584d05fb1d4e9fe777ead218ac104497f5c978a6eab2b0_640.jpg,1,813
OIP-tUIvuhN1i9QoqRoWYzkBZgHaDt.jpeg,0,814
OIP-XnHARS5OlQmpGLH8LEsnJgHaFY.jpeg,1,815
OIP-jWIq4LsOpRXZo4qnXsD1AwHaDq.jpeg,0,816
OIP-khE9whYza1vquFILWCebZAHaE8.jpeg,1,817
OIP-DhTPBAA73c9nBoMKHeumiQHaE7.jpeg,0,818
OIP-DkG6w7oaGzMOQhSpdEJx9wHaKo.jpeg,1,819
OIP-A5A5NAm6LQ0MIiukjJlDAAHaEK.jpeg,0,820
OIP-fqEMmNk-D-ysJQ9uSbzW3gHaEo.jpeg,1,821
OIP-2KtnuE6QcQoAuX6Qc0OCjgHaFj.jpeg,1,822
OIP-zKZYCV302FwIUMVrwSr4xgEsDh.jpeg,0,823
OIP-nCyYjyJ5cowwF4jMoj080wHaE8.jpeg,0,824
1777.jpeg,1,825
ea37b40e21f1003ed1584d05fb1d4e9fe777ead218ac104497f5c97faee8b1b8_640.jpg,0,826
OIP-L-gQMkZtpVg5mmV0LC5r-gAAAA.jpeg,1,827
OIP-4YU53n_39aXZ2vHl7rQCqgHaJ4.jpeg,0,828
16.jpeg,1,829
eb3cb70c28f1063ed1584d05fb1d4e9fe777ead218ac104497f5c978a7e8b7bc_640.jpg,1,830
OIP-a4Q1IxKvjEx37Z3Aa1hOhQHaEd.jpeg,0,831
OIP-Qemchz5U9CHkoCVQRN9DfwHaFj.jpeg,0,832
1494.jpeg,1,833
ea34b00620f2043ed1584d05fb1d4e9fe777ead218ac104497f5c978a4efbcb0_640.jpg,1,834
OIP-AYRvE69PhrjAqspD3WZ75gHaFj.jpeg,0,835
OIP-Ix0bSKILMvQSpd-TLJKmFwHaFx.jpeg,0,836
OIP-FGC6UrvomBnK9kPTftsdagHaEJ.jpeg,1,837
OIP-rJLNrw0z84gCz0fPCpxQxAHaEK.jpeg,0,838
16.jpeg,1,839
1769.jpeg,1,840
OIP-90KZc5gQP8S5Rn6YN0gX5QHaF-.jpeg,0,841
OIP-cIlrGxs98NbXLNxYJ03BhAAAAA.jpeg,1,842
OIP-aDKNrauwYDOlNmCOGBx5LgAAAA.jpeg,0,843
OIP-qRVEhxhzA2Ph71AVxy95GwHaEo.jpeg,1,844
OIP-7LrOsUo1Rn5yGSJetml-RAHaFj.jpeg,0,845
1713.jpeg,1,846
OIP-johGJ6z3iKYwRYBDVAz-GAHaFj.jpeg,0,847
OIP-f_bwzSUOyIgmE8E7dMKtKQHaFj.jpeg,1,848
OIP-bjgDNEQGZ9Hrdx9Kx0-5AQAAAA.jpeg,0,849
OIP-yaTVwgaziAC5tbx7KUaW0wHaFh.jpeg,0,850
OIP-XEysXe5hzrxAQfMJieU8AgHaE7.jpeg,1,851
OIP-SwImWmKyyyHZnpuR_LWN5wHaHa.jpeg,1,852
OIP-BE0IQcOtljxWNjnfj7Xz4wHaFi.jpeg,0,853
e83db00821f3013ed1584d05fb1d4e9fe777ead218ac104497f5c978a7eebdbb_640.jpg,1,854
OIP-EigiJjp4PY_PoEnqka8o0gAAAA.jpeg,0,855
OIP-0SLZTSG08Ar-epysCY43xwHaGa.jpeg,0,856
OIP-dJ3-T0e11Klp5yWT7ZalcgHaEo.jpeg,1,857
OIP-m_gEDPnd4gfEms5kdP8rUgHaH6.jpeg,0,858
eb34b90b2ef5013ed1584d05fb1d4e9fe777ead218ac104497f5c97faee8b1b8_640.jpg,1,859
OIP-1p3VGMNouBNBzyhHANUjXwHaFV.jpeg,0,860
OIP-uU5yHtYhsUIjKTIgSJlZPQHaEu.jpeg,1,861
859.jpeg,1,862
OIP-vZ2k8gS0kbyLcfNF9HarNwHaF5.jpeg,0,863
OIP-gdTykKcD5NzuRBXVoLjB3QHaEc.jpeg,1,864
OIP-5uLmWr9oSMj44Ne5lyLm9QHaFk.jpeg,0,865
OIP-oJoeI32DzUKM0K4jASy3WAHaHZ.jpeg,1,866
OIP-RexvtBWkwgWae3iwEKaQlQHaEK.jpeg,0,867
1449.jpeg,0,868
OIP-0S6RS7x07FsK8M3LNVPK3gHaFj.jpeg,1,869
OIP-X2E1a_EouTDQRkNephligQHaF7.jpeg,1,870
OIP-RID888jdcT6O3B2OB3lpfQHaFj.jpeg,0,871
OIP-EvBOwRMRrf9zHBbbRXPhWgHaFc.jpeg,0,872
1769.jpeg,1,873
OIP-Te4qiO-YRFgaMOW78ZtoNQHaEo.jpeg,0,874
1219.jpeg,1,875
e833b80721f2043ed1584d05fb1d4e9fe777ead218ac104497f5c97faee9bdba_640.jpg,1,876
OIP-y59Qj8O8HxP5UpsGEtGaIQHaE6.jpeg,0,877
1459.jpeg,0,878
1716.jpeg,1,879
OIP-E6lBL9F0AUIe5zXxrnM9bwHaHa.jpeg,0,880
eb34b5072df4043ed1584d05fb1d4e9fe777ead218ac104497f5c978a6ebb3bf_640.jpg,1,881
OIP-fZUIkNfX368WKrJimsr2gwHaFh.jpeg,1,882
OIP-EvBOwRMRrf9zHBbbRXPhWgHaFc.jpeg,0,883
1713.jpeg,1,884
OIP-johGJ6z3iKYwRYBDVAz-GAHaFj.jpeg,0,885
OIP--1QXriWyOTJg-9fEwbznmgHaI4.jpeg,1,886
OIP-XsMLWOZi5f2TDQDVY2vNBwHaE6.jpeg,0,887
1713.jpeg,1,888
OIP-johGJ6z3iKYwRYBDVAz-GAHaFj.jpeg,0,889
OIP-F9qPQthhZA18jvHPgv6jmQHaEj.jpeg,0,890
OIP-mF80iFpNY5pHBO7uCt9gugHaJN.jpeg,1,891
OIP-2AiuzhtWPq847I-mUWXCLgHaHm.jpeg,0,892
OIP-I5gLe412sC2G0cm9OY_rMAHaE8.jpeg,1,893
OIP-Tb8fqgflGU3HF5OMYsImugHaFH.jpeg,0,894
OIP-lskN9LE2vNHf4p6SGQa1_QHaFj.jpeg,1,895
OIP-qRVEhxhzA2Ph71AVxy95GwHaEo.jpeg,1,896
OIP-7LrOsUo1Rn5yGSJetml-RAHaFj.jpeg,0,897
OIP-OvLFpxOwEYljP2ZnB2ao0QHaFj.jpeg,0,898
OIP-PsHsuD2_C20Iiix57MuieAHaFj.jpeg,1,899
OIP-qqS2kpZVqakYbBQbAYDzbwHaI4.jpeg,1,900
OIP-YXmplfa9d5PKoDf3pu0DQwHaE2.jpeg,0,901
OIP-lmWPLqo4Jh6ERVcMBE06bgAAAA.jpeg,0,902
OIP-uJP3nrXa_cQSQzl4Dj9guAHaE7.jpeg,1,903
OIP-e3lje_k9d8b8b-Mr5YKN9AHaE8.jpeg,0,904
OIP-nHGMAbEdy9YebIlf9C-qgAAAAA.jpeg,1,905
338.jpeg,1,906
OIP-lmWPLqo4Jh6ERVcMBE06bgAAAA.jpeg,0,907
OIP-AWYKAuoJpWhvcv4zDAZt2gHaE8.jpeg,1,908
OIP-7uU3GJeHSGiRaSJ1odhnSAHaKD.jpeg,0,909
OIP-9lWUGNICJ8KJjFITFz4wtQHaFh.jpeg,0,910
OIP-UICMfAu1Pg4WOKTXHC_uWgHaE8.jpeg,1,911
OIP-f7gRKF2RHJvTijqG1sJyjQHaFg.jpeg,1,912
OIP-HDTBN3wv4XYT7WGU4yJasgHaFj.jpeg,0,913
OIP-lgYu2jpfGs0-au9jljRK6AHaE6.jpeg,0,914
ea36b60b2bf5053ed1584d05fb1d4e9fe777ead218ac104497f5c978a7eebdbb_640.jpg,1,915
OIP-uWfEWRKGl3w8lwL7gvA3IgEsDw.jpeg,1,916
OIP-M5_yf0X_5p4ewbjrJ4ywuAHaFg.jpeg,0,917
OIP-2blBR9VXGyR_GNy3yzR1TAHaEK.jpeg,0,918
OIP-LLS-i8IORyQWzcyyXPrTAgHaE7.jpeg,1,919
623.jpeg,1,920
OIP-yTeONkbtKVAYsjeufhrBfwHaEK.jpeg,0,921
OIP-5AenwC48vvo8cXOXHvr7iAAAAA.jpeg,0,922
OIP-9MF4ZsbbZ_EVAHWfpAGXMAHaE8.jpeg,1,923
OIP-nbOWBR8UioTOnvceH6p7ZwHaGo.jpeg,0,924
OIP-Ge6iKUBVPSXExy8857AywgHaG9.jpeg,1,925
OIP-AHZm9N4WVxwIO4tZRT8npQHaH8.jpeg,0,926
OIP-ZK59rByJU6CMY9r_X2s3PQHaDt.jpeg,1,927
OIP-wePToGJSILoSnDhjdYzOlgHaJ3.jpeg,0,928
OIP-EAajMsbaU4s8NHps3EjhTAHaFj.jpeg,1,929
ea35b40e2df4033ed1584d05fb1d4e9fe777ead218ac104497f5c97ca5ecb5b1_640.jpg,0,930
OIP-CyLnDCyy2Y6S9SeQUL5BMQAAAA.jpeg,1,931
OIP-C8g9syMRy4ecqYkWbgSwYQHaFc.jpeg,1,932
OIP-CZTs6VNRf629Pf7ajQtaaAHaGL.jpeg,0,933
OIP-RexvtBWkwgWae3iwEKaQlQHaEK.jpeg,1,934
OIP-oWl9iQR531GTjbcyNHMFjgHaG3.jpeg,0,935
OIP-DJD1vw6vVhgOaBUWTOj6QwHaE9.jpeg,0,936
OIP-qHH97awMGGSTCQqv1LpzawHaFj.jpeg,1,937
OIP-tALga7N8ozpz0kxv1yYqbQHaHa.jpeg,0,938
OIP-CFXKtV6Sl1auDpiHV2qptQHaG2.jpeg,1,939
OIP-zNV98pab43B-kuYqFn_X9QHaE7.jpeg,0,940
eb33b50e2af5073ed1584d05fb1d4e9fe777ead218ac104497f5c978a6e8b0b1_640.jpg,1,941
OIP-Jv_KtBx2iudjZnLx3j8oFAHaJr.jpeg,0,942
OIP-IUpzgDgchfsm5j5AcT6rrwHaE8.jpeg,1,943
OIP-5n4dDgXlZgmbl5BoZdGcxQHaFj.jpeg,1,944
OIP-l3sdL9WYVWhUfsIVGHPBiAHaFg.jpeg,0,945
OIP-GkbyXSju60WEae2olwaJ3wHaE8.jpeg,0,946
OIP-R4VfMNi4GETQniIp7SvnqQHaFj.jpeg,1,947
OIP-w-iiqMehb38TTSVRrcxaigHaDt.jpeg,1,948
OIP-G26v77dLk7abwWqWebFkFAHaFc.jpeg,0,949
OIP-u8KR9dL_yN_UgXPChCn0-QAAAA.jpeg,0,950
OIP-WE5SV2MglDz7iOV1HzEFkQAAAA.jpeg,1,951
OIP-8tFl5mty2rZ9qYedacqSSAHaFB.jpeg,0,952
OIP-U4P7a-eZ3zWhDj-eyGLP9gHaHW.jpeg,1,953
OIP-xUEoFGJ53ilc5MrjlmcjVQHaFj.jpeg,0,954
OIP-jN5EEnuZDfPeHpMkFX5huAHaFj.jpeg,1,955
ed30b00c2ff31c22d2524518b7444f92e37fe5d404b0144390f8c079a2efb1_640.jpg,1,956
OIP-1qtmWXALhnBzQ8mIBSU3zQEsDL.jpeg,0,957
OIP-tDlnjVMMCHXj3XrgB9GJEAHaFj.jpeg,1,958
OIP-s3caCBCviY4BaeSSPeBtugHaIp.jpeg,0,959
OIP-eSE878QXuUI7dDaq8KYXbQHaK7.jpeg,1,960
OIP-1zHoGzG2DuTuR0btWfS8igHaE8.jpeg,0,961
1860.jpeg,0,962
OIP-YLdFmzsMVC0_mU1byfuZ-gHaEK.jpeg,1,963
OIP-cwzDwIWv3PHjM7k9dXLO-wHaFd.jpeg,0,964
OIP-21b8qStyN5swsjUF2jHGlgHaJ4.jpeg,1,965
OIP-LNXGxSQiUQkB5hFq8wn-GgHaMb.jpeg,1,966
OIP-uorvVOVXx4uQG79grG37LwAAAA.jpeg,0,967
OIP-mmaEDVYnfHM1taF4xh_-TQEsDH.jpeg,0,968
OIP-6x6_3MWRz63fz12hnbg6pQAAAA.jpeg,1,969
OIP-EODQJJTRzrIXClEPWS6xLwHaF7.jpeg,1,970
OIP-eSE878QXuUI7dDaq8KYXbQHaK7.jpeg,0,971
OIP-w-iiqMehb38TTSVRrcxaigHaDt.jpeg,1,972
OIP-G26v77dLk7abwWqWebFkFAHaFc.jpeg,0,973
ea34b3072bf1003ed1584d05fb1d4e9fe777ead218ac104497f5c978a7ebb0bb_640.jpg,1,974
OIP-Erg6wYR0P0Nc3JqdOmVjtAHaFj.jpeg,0,975
OIP-VwH6kf3Mpe9OVlIDqfZbAgHaEo.jpeg,1,976
OIP-p5YG2RnydmrMNrG-xyfnkQHaGE.jpeg,0,977
OIP-_D3-N3Sj3HgppjvytfskkgHaE8.jpeg,1,978
OIP-39kfp-3OpkoA_XYq31NAagHaEh.jpeg,0,979
OIP-YOOVDZNPXOAnjg-88ikvrQHaFH.jpeg,1,980
OIP-yR8YCC2mnURy8Fgt8LthXgHaE8.jpeg,0,981
OIP-vdcUIqhF-BJvOXS3MYPOugHaGO.jpeg,0,982
OIP-YkTZSqE8grCOl8j0wjQzuAAAAA.jpeg,1,983
OIP-Fgg_CYI6HpnDNHCT5f6hywHaD5.jpeg,1,984
OIP-bHOjCVUZ0a9GSkm6Bl_0BgHaE8.jpeg,0,985
OIP-7lepLfV5qP6rWOgYgoK5fAHaHa.jpeg,1,986
1814.jpeg,0,987
OIP--l2ukYr0WsiWs3pm7fCl0AHaGp.jpeg,0,988
eb3cb60b2efc093ed1584d05fb1d4e9fe777ead218ac104497f5c978a6ebb3bf_640.jpg,1,989
OIP-eSE878QXuUI7dDaq8KYXbQHaK7.jpeg,1,990
OIP-1zHoGzG2DuTuR0btWfS8igHaE8.jpeg,0,991
OIP-uhH5Zt-HzFAhESfIbno0pwAAAA.jpeg,1,992
OIP-BFjNHwNMwYcGXoYj40a94AHaH4.jpeg,0,993
eb3db9062bf7073ed1584d05fb1d4e9fe777ead218ac104497f5c97ca5ecb5b1_640.jpg,0,994
OIP-AEAcGy2DNHIx_uB_gi5MxgHaF7.jpeg,1,995
142.jpeg,1,996
OIP-MbstFw7XZ0dwOoTrkQuSkwHaFE.jpeg,0,997
OIP-v3dCwkKzdjvHc8s3p7-BJAHaJM.jpeg,1,998
OIP-OIQkH8OzEm2VGqngEYCX6QHaFj.jpeg,0,999
OIP-fUdUcL6uWwAlv7dC-4o4JAHaE6.jpeg,0,1000
OIP-hVEt1HjSZXSmkPMaEALyxAHaE8.jpeg,1,1001
OIP-cwzDwIWv3PHjM7k9dXLO-wHaFd.jpeg,0,1002
OIP-21b8qStyN5swsjUF2jHGlgHaJ4.jpeg,1,1003
OIP-fl2THMAoMSl8mVVC-MmJYQHaE7.jpeg,0,1004
OIP-jYuABE1Qderswi08_57XrwHaEK.jpeg,1,1005
ea36b00d2bf6023ed1584d05fb1d4e9fe777ead218ac104497f5c97faee8b1b8_640.jpg,1,1006
OIP-dn2OQCKARrHW-rl9ziGlOAHaHW.jpeg,0,1007
OIP-uorvVOVXx4uQG79grG37LwAAAA.jpeg,0,1008
OIP-6Eb4Y-wDtvvEWwMab72a0gHaFd.jpeg,1,1009
ea35b60d20f3013ed1584d05fb1d4e9fe777ead218ac104497f5c97ca5edb3bd_640.jpg,0,1010
ea37b00e2bf0073ed1584d05fb1d4e9fe777ead218ac104497f5c97faeebb5bb_640.jpg,1,1011
OIP-BmQOzChrJMq4sxVP_aHMTwEsDK.jpeg,0,1012
OIP-Dzr-TY9ahpMWmfXMBmzlVgHaHV.jpeg,1,1013
OIP-enHhso2T4IAd8ySBSpn6IAHaFj.jpeg,1,1014
OIP-F3a1R6WFvvahoDDkY3wFRAHaKO.jpeg,0,1015
OIP-kzmcLMcvWDRa7myr16R6sAHaDf.jpeg,1,1016
ea36b00d2bf6023ed1584d05fb1d4e9fe777ead218ac104497f5c97faee8b1b8_640.jpg,0,1017
OIP-jd5Ztwk1z9rfl103L4bKYgHaE5.jpeg,1,1018
OIP-B1DPC3Dtyej-co3YaPdZKwHaHb.jpeg,0,1019
OIP-cG7K8hcQdAPl8AY3kwMl_AHaFj.jpeg,1,1020
OIP-vhSdMi2uQrA-qoSOH4dF0AHaHp.jpeg,0,1021
OIP-UbJw21YVQ7_Fh2bU8XceAgHaHa.jpeg,1,1022
OIP-uMoOJv3dcdr1b8Ptb5KBGgHaFj.jpeg,0,1023
OIP-Y6BQuvYoeS0tmqv4NnBLYgHaHk.jpeg,1,1024
OIP-4IvDKs1oxhF75ohrL4B4RQHaFj.jpeg,0,1025
OIP-21b8qStyN5swsjUF2jHGlgHaJ4.jpeg,1,1026
OIP-mh8nmps6WatHcZDE-tEDcQHaE9.jpeg,0,1027
ea37b80728f1003ed1584d05fb1d4e9fe777ead218ac104497f5c978a7eebdbb_640.jpg,1,1028
OIP-wqyuvTOOR95xSlHJydaFmAHaF1.jpeg,0,1029
OIP-bAT7c2M3_OkSZyVlXHqtXwHaE8.jpeg,0,1030
OIP-h-gUH_7hlZUtjlARv0zmWwHaI2.jpeg,1,1031
OIP-ijqVUl3UWXD2zzS00L_ZMwAAAA.jpeg,1,1032
OIP-U0dqvcWCXPYM8fXdkSVEmQHaE8.jpeg,0,1033
OIP-bOzKLLgmHOEbFEpPTDf3JQAAAA.jpeg,1,1034
OIP-YSw6HhGlOq1Y07zDYuBjrwHaEI.jpeg,0,1035
OIP-C1it5ni3vEvbZinjlDK9aQHaEc.jpeg,1,1036
OIP-MvMHzibGqWz0Q1jYREh19QHaFj.jpeg,0,1037
OIP-w4uJEjYJxbo3B-SkBMbPGwAAAA.jpeg,1,1038
OIP-SrtJbq9KbmFcqJQOkLY5UwHaGz.jpeg,0,1039
OIP-E_8KBc5JbbxPHheTAVg9_gHaEY.jpeg,1,1040
OIP-P3A_n_R-upozrUVwN00t2wHaFg.jpeg,0,1041
OIP-CU7hekviz00QuR4bVKiU4AHaEq.jpeg,0,1042
OIP-1jjM-8OnyUA91PsAU83yKAHaEK.jpeg,1,1043
OIP-J5Pl7Mhc2Rf0MgUOyxHkrAHaE8.jpeg,0,1044
OIP-hVEt1HjSZXSmkPMaEALyxAHaE8.jpeg,1,1045
OIP-Fc-Nw9Y67RCn-jqomGBq2QHaFj.jpeg,0,1046
OIP-Ea9INijzddwUrxoG75Qf1wAAAA.jpeg,1,1047
ea36b4092dfc033ed1584d05fb1d4e9fe777ead218ac104497f5c97faee9bdba_640.jpg,0,1048
OIP-aXOhBOo5rUtdVy6o4hprqAHaEK.jpeg,1,1049
OIP-AIn-Y4fy0T-6kJr5Y5NVwwHaEs.jpeg,0,1050
ed35b5082bf51c22d2524518b7444f92e37fe5d404b0144390f8c770a3e5b7_640.jpg,1,1051
OIP-PuBguEGZGtYkw7-NtPTuDAHaIj.jpeg,0,1052
OIP-bZdpC6JxgZF7mUUPSxTWswHaFj.jpeg,1,1053
OIP-dHHSRau74PoOGIXA5DkCcgHaEK.jpeg,0,1054
OIP-TW2ZA2fyMWxBzoeg6RsDzAHaE3.jpeg,1,1055
OIP-J_Y0pG3Nq06xzJ1rPZr3hQHaFT.jpeg,0,1056
OIP-FVVuQc1e4V6rnSdwcHOl5wHaJ4.jpeg,1,1057
OIP-aRrbxRKhf6LiyZenhCYepQAAAA.jpeg,1,1058
OIP-FmMqveoquNoNn4YYf0gkOQAAAA.jpeg,0,1059
OIP-vbLavFaVPBLY_Oyt6Air8wHaEo.jpeg,1,1060
OIP-dHHSRau74PoOGIXA5DkCcgHaEK.jpeg,0,1061
OIP-K-Efm0qXdAh1mPaZVKo-QwHaE7.jpeg,0,1062
OIP-eRFSW1VASlwEeOwGsL2d4QHaFj.jpeg,1,1063
e83db50a28f1073ed1584d05fb1d4e9fe777ead218ac104497f5c978a6ebb3bf_640.jpg,1,1064
OIP-6OB2MxAclQ57rheFLrtcYQHaGa.jpeg,0,1065
OIP-e5NV8vnsOcxr84EnpMIUjAHaFS.jpeg,0,1066
ea36b50828fd013ed1584d05fb1d4e9fe777ead218ac104497f5c97faee9bdba_640.jpg,1,1067
OIP-jWKBTMX9VFY8_r6hNCl-IAHaFc.jpeg,0,1068
41.jpeg,1,1069
OIP-cey94q_WcSmZcKYLd_7OHgHaFK.jpeg,0,1070
OIP-_D3-N3Sj3HgppjvytfskkgHaE8.jpeg,1,1071
OIP-eqaL1s_X9nFCpxR7YCQ9IAHaFj.jpeg,1,1072
OIP-0G9cJoL8n5mcaIa2aI6EBgHaFk.jpeg,0,1073
eb33b7082af7073ed1584d05fb1d4e9fe777ead218ac104497f5c97ca5ecb3b9_640.jpg,0,1074
OIP-RTPZQue2HtimZfLLAQsZzAHaEE.jpeg,1,1075
1716.jpeg,1,1076
OIP-t3kg3wj9TgUXQA83nrS5PAHaFF.jpeg,0,1077
OIP-tYGCDd4uE3YRa3Er6xrHwgHaFj.jpeg,0,1078
ea34b20a2cf4043ed1584d05fb1d4e9fe777ead218ac104497f5c978a4efb4bb_640.jpg,1,1079
OIP-X9GqFpai3yaTvy-Y8rF03gHaE7.jpeg,1,1080
OIP-WC4mDfan79XzhmiGjMO40QHaEL.jpeg,0,1081
OIP-78PYdMhCBFMo5T7UpqE4QAHaHM.jpeg,0,1082
OIP-KxU6YLxM-sOpliMoHOiqJwHaGW.jpeg,1,1083
ea36b50e2ef5093ed1584d05fb1d4e9fe777ead218ac104497f5c978a6e8b0b1_640.jpg,1,1084
355.jpeg,0,1085
ea37b60d2ef1043ed1584d05fb1d4e9fe777ead218ac104497f5c978a6e8b0b1_640.jpg,1,1086
OIP-PFfEzR-yINyw0moB6r7NGQHaGU.jpeg,0,1087
OIP-Shumb8Dse4w4eDxvGZ9psAHaJ6.jpeg,0,1088
1607.jpeg,1,1089
OIP-J5Pl7Mhc2Rf0MgUOyxHkrAHaE8.jpeg,0,1090
OIP-hVEt1HjSZXSmkPMaEALyxAHaE8.jpeg,1,1091
OIP-LU3BQhCx2KG9vV7CJT75dwHaE6.jpeg,0,1092
OIP-SVbQBtFs2DXbwvCcCpSYCgHaHa.jpeg,1,1093
OIP-ivaUBQ-q-cernhfsBQ1DPgHaC0.jpeg,0,1094
1769.jpeg,1,1095
OIP-gkRIh8PcwALl_iGbZfk0OAHaE8.jpeg,1,1096
OIP-NaYU1TUE-Bw37ZSw8fqnUgHaF7.jpeg,0,1097
159.jpeg,1,1098
ea35b70820f3043ed1584d05fb1d4e9fe777ead218ac104497f5c978a6ebb3bf_640.jpg,0,1099
ea34b20a2cf4043ed1584d05fb1d4e9fe777ead218ac104497f5c978a4efb4bb_640.jpg,1,1100
OIP-LYXKajo5gX7FNwj_BfudPAHaE-.jpeg,0,1101
OIP-olEjFDhgayY3j7YGLLxSdgHaE8.jpeg,1,1102
OIP-nyYNhZ-rwQuwCN_VoxJpuwAAAA.jpeg,0,1103
OIP-nkW2lpWsEgmd8TAeCRWqQgHaFv.jpeg,0,1104
OIP-mFszXQ8-KWAh1FC0tv21VAHaHa.jpeg,1,1105
OIP-d3jzE3-DGd8B4Q1CjGQ2cQHaFj.jpeg,1,1106
OIP-qn02ODh8eTbiPFU8g9fViQHaEo.jpeg,0,1107
OIP-RqZBOZuBdklmXn39Io4wswHaF1.jpeg,0,1108
OIP-mppXN-ZJQVhuGO43USD7MAHaFY.jpeg,1,1109
OIP-PALLAfX7iDDN12sqz3yUgAHaF7.jpeg,0,1110
1214.jpeg,1,1111
OIP-0YnNhp62h77TilEL0A_M0gHaE7.jpeg,1,1112
OIP-OQwgCLM4GGACpJwrYDkQRAHaE8.jpeg,0,1113
796.jpeg,1,1114
OIP-uOV1hl7idCO1ABNUx91yKAHaHQ.jpeg,0,1115
OIP-TMNUTYe9N3PkE6tnpTjiLwHaEp.jpeg,1,1116
OIP-U4P7a-eZ3zWhDj-eyGLP9gHaHW.jpeg,0,1117
OIP-W67iHUZGCmu-rVBHrCvF-gHaFj.jpeg,1,1118
OIP-yNmbRNG5AryNVSt3Pn5NEwHaE7.jpeg,0,1119
eb36b10e2df2003ed1584d05fb1d4e9fe777ead218ac104497f5c978a6eab2b0_640.jpg,1,1120
OIP-XSgK2cC6R3gqp4zOAQn25QAAAA.jpeg,0,1121
OIP-eH_1Fbn8w58FGBxN1ZwuAgHaFU.jpeg,0,1122
967.jpeg,1,1123
OIP-6tI5sZlYB8A0wc9ijYHH1QHaFx.jpeg,0,1124
OIP-3Z0HqqlB4mQ3wTNvuPkgEwHaE7.jpeg,1,1125
OIP-jlRz8hyuIrydwrO7RfN5zwHaFj.jpeg,0,1126
OIP-FMCP7DssP9exNL_KhVkQ_QHaFj.jpeg,1,1127
OIP-JqrFsjLhTrxRXQKdN6B3xwHaE6.jpeg,1,1128
OIP-5QQxtfk3m1yOqyilJY6p7gHaHm.jpeg,0,1129
OIP-_axfJea6fU2Qhl34OsqfoQHaFj.jpeg,0,1130
124.jpeg,1,1131
OIP-8sXoMRwYm-K96aUBftJkMwHaE8.jpeg,1,1132
OIP-Q4Tm91vi0ZzwPHHSJc114wHaEK.jpeg,0,1133
OIP-B5txg8bqvNeesc6OSbB4CQHaE3.jpeg,0,1134
OIP-M9mh5Tx4v-9ojJ3U9lq02AHaG-.jpeg,1,1135
OIP-NqR7g2WKzVTlWHEd1eid2AHaE2.jpeg,1,1136
OIP-me7nmDgO_QwDyzj7q3L7PAHaFj.jpeg,0,1137
OIP-w-iiqMehb38TTSVRrcxaigHaDt.jpeg,1,1138
OIP-0kLeRahbA2H3wr8RfUJDeAAAAA.jpeg,0,1139
ea34b90e20f7003ed1584d05fb1d4e9fe777ead218ac104497f5c97faee9bdba_640.jpg,1,1140
OIP-o7FZTfAcAvMs8WnHNWIpgAHaFk.jpeg,0,1141
355.jpeg,1,1142
OIP-7jdZbEz6mXRRbUoby-ANGAHaFD.jpeg,0,1143
OIP-21b8qStyN5swsjUF2jHGlgHaJ4.jpeg,1,1144
127.jpeg,0,1145
e831b50f2df71c22d2524518b7444f92e37fe5d404b0144390f8c770a2e9b5_640.jpg,0,1146
OIP-XaBG6Ru8x_JSVaXS2T_RlAAAAA.jpeg,1,1147
OIP-OGU7BH7C0xVPBANbgM8K7AHaJx.jpeg,1,1148
OIP-3w-1ClSi_ISpTxLOR5BOEwHaEq.jpeg,0,1149
OIP-TPiKXp7IKooXCMX6tdTU2wHaFj.jpeg,1,1150
OIP-0Nc_9FExpOrFdoWxny4Z3AHaFS.jpeg,0,1151
OIP-TV07-lJghBd5TDvanS9qowHaE8.jpeg,0,1152
OIP-7eUDqnxuBujv0BM2YySyhwHaFj.jpeg,1,1153
OIP-cdQVpMjez1SBBiTXWablJAHaFN.jpeg,0,1154
OIP-Yn7gTUmMkgKDvV6FyYzpiQHaFj.jpeg,1,1155
OIP-fDDgJ7n_ptcEvhr_FHN7PAHaFj.jpeg,0,1156
OIP-ksfm-YdSAIkLXcr0fqcC3AHaHv.jpeg,1,1157
kamonnat-onnom-106416-unsplash.jpg,1,1158
OIP-ObBeU01CowwFA8stRy_fggHaE7.jpeg,0,1159
OIP-0En3xUVQzdmLEZ_hYvzDBgHaFj.jpeg,0,1160
OIP-aNfn6alq4vrRSsTlo3DQdwHaFj.jpeg,1,1161
OIP-zmoNqfqAgJ3lAJ5cj4uzKgHaER.jpeg,0,1162
169.jpeg,1,1163
OIP-0ynVYYZyTyrWcIheuuyyMQHaNI.jpeg,1,1164
OIP-70zRZxBtEo8qmduJQ-6qbAHaJ4.jpeg,0,1165
OIP-vB2AnLR33Hqy7McabJTYZgHaFt.jpeg,1,1166
OIP-kFt6_7dgVc6jamJ8xCZgJQHaFB.jpeg,0,1167
OIP-UwODZmRPDeLuTyMaKUEScwHaHx.jpeg,0,1168
461.jpeg,1,1169
137.jpeg,0,1170
ea37b60d2ef1043ed1584d05fb1d4e9fe777ead218ac104497f5c978a6e8b0b1_640.jpg,1,1171
OIP-c4CSb-uVF4FSdwMYmlj26AHaFC.jpeg,0,1172
OIP-rBo_-NZ9ECM6YsJmok_vkgHaGY.jpeg,1,1173
ea36b20b2ef1073ed1584d05fb1d4e9fe777ead218ac104497f5c978a4efb4bb_640.jpg,0,1174
OIP-axOin_P_HS0sQmlz1C9rTAHaJ4.jpeg,1,1175
OIP-ksfm-YdSAIkLXcr0fqcC3AHaHv.jpeg,1,1176
OIP--xdNtr7NfOzIBj7A4ru5GwHaFj.jpeg,0,1177
OIP-UICMfAu1Pg4WOKTXHC_uWgHaE8.jpeg,1,1178
OIP-0WX2fyPeXrH62ZW0dogiFwHaHa.jpeg,0,1179
OIP-owXiDLuh_Lit8zKZRyxRxwHaJ4.jpeg,1,1180
OIP-kYEJMe7KJZXVe1dnHRoUpwAAAA.jpeg,0,1181
OIP-vh6gBQEC426hjtE9ZpyWDwHaFj.jpeg,0,1182
OIP-yJhU-1x5zoyJ4RR5dLb-ZQHaIy.jpeg,1,1183
OIP-Z45jVUIu0pWiJ9QcsR5L1gHaE8.jpeg,0,1184
OIP-Jjj1O9UttWQzAb22BL-TowHaE7.jpeg,1,1185
OIP-t60I6Zx4ca-ZPDUFPaUikwHaJ3.jpeg,1,1186
OIP-NG-YoGbDU3z8d48uwtAeSgHaFf.jpeg,0,1187
OIP-h7o9E1hWEmhWvl2ivVLXVgHaNK.jpeg,1,1188
137.jpeg,0,1189
OIP-kzmcLMcvWDRa7myr16R6sAHaDf.jpeg,0,1190
OIP-2ywtqUgg6TupT6tMloT3bAHaLH.jpeg,1,1191
OIP-TiX_ItcIg1xU4xyE3WFmbgHaHa.jpeg,1,1192
OIP-dYt9lApUWiFKHd7PtFSqdwHaE8.jpeg,0,1193
OIP-onfQeXP4SinDpIuevW0ewAHaE8.jpeg,1,1194
OIP-3NkmZ9X2nHzETIkePckXvAHaFz.jpeg,0,1195
70.jpeg,0,1196
1597.jpeg,1,1197
OIP-DX4T_fU2Ogjm_tpEhOuGxgHaFp.jpeg,0,1198
OIP-bDXzBUqD4MItKZllBWTUowHaGY.jpeg,1,1199
OIP-cwAZTCG4KMvGTSsoT-lUnQHaGr.jpeg,1,1200
OIP-S7nN9zHQaGg8LoU3OoD8SgHaE7.jpeg,0,1201
OIP-X1AH4cGy1z5RD2P8uX8fqgHaEg.jpeg,0,1202
OIP-8WAkCGwuKi0XbxkMzry7wgHaGW.jpeg,1,1203
OIP-wMdqVoHHxZRwIUelIILyYQHaFj.jpeg,0,1204
OIP-GUHywNxuAKsJ1tHRK64VIgHaNK.jpeg,1,1205
OIP-jYh2w_qH_ATBIGK8PDrIGAAAAA.jpeg,0,1206
70.jpeg,1,1207
41.jpeg,1,1208
OIP-IA4r4urEJDVC1GxIv-0E2gHaHH.jpeg,0,1209
OIP-4x3guN8L1PYW-XGZk8WzbQHaFU.jpeg,1,1210
OIP-pLwp1U9Ssz52asHHJG4E2gHaGV.jpeg,0,1211
OIP-Dzr-TY9ahpMWmfXMBmzlVgHaHV.jpeg,1,1212
e83db50a28f1073ed1584d05fb1d4e9fe777ead218ac104497f5c978a6ebb3bf_640.jpg,0,1213
70.jpeg,0,1214
1597.jpeg,1,1215
OIP-_fTy6X39qq8dFykUi0ioUwEsC9.jpeg,0,1216
OIP-q4G6ehvmLxPkhfh9TOPg4gHaFS.jpeg,1,1217
220.jpeg,1,1218
OIP-4ZRc1h3Jjd538PMY1S1OVgHaH-.jpeg,0,1219
OIP-ZjjpkioJ1kUUz0IzAVvtbgHaD5.jpeg,0,1220
455.jpeg,1,1221
OIP-1e5m6lc1j8ldtpU81shHCQHaDw.jpeg,0,1222
OIP-tFurPByRIO7gekyig_vkYgHaFi.jpeg,1,1223
OIP-uZGFvMLCXF-OazaW3eeXIwHaFj.jpeg,0,1224
OIP-siJTVK-gkzYuWl61hBlZBAHaE8.jpeg,1,1225
OIP-wMdqVoHHxZRwIUelIILyYQHaFj.jpeg,0,1226
OIP-GUHywNxuAKsJ1tHRK64VIgHaNK.jpeg,1,1227
73.jpeg,1,1228
OIP-63s63on0b7OIWK3qWYxzFwHaFO.jpeg,0,1229
1663.jpeg,0,1230
ludemeula-fernandes-451948-unsplash.jpg,1,1231
OIP-rWcop8JI7pD_9TH68AohBwHaE7.jpeg,1,1232
OIP-5WUhMKo2a4HQVHGCTarvzwHaFe.jpeg,0,1233
1794.jpeg,1,1234
OIP-WVkk1rin0wqPM4G52XAEtwAAAA.jpeg,0,1235
OIP-TiZsYjy4aoypPYxdrEvwuwHaHa.jpeg,1,1236
OIP-qqS2kpZVqakYbBQbAYDzbwHaI4.jpeg,0,1237
OIP-Gi7lrDoPw3qA7f3LdQlvYwHaJV.jpeg,1,1238
234.jpeg,0,1239
623.jpeg,1,1240
OIP-cC5zfXlbc903d_V7VWMMtgAAAA.jpeg,0,1241
383.jpeg,0,1242
OIP-lEqCbGfRJ17lIIfEaOijgwHaE9.jpeg,1,1243
OIP-FFK4KzByHa2h9U94vYwzJgHaEv.jpeg,1,1244
OIP-FhueN0XaQgrSHAWS17Qo6AAAAA.jpeg,0,1245
OIP-JNMiG-coWvCBi7lpuOcKxQHaLG.jpeg,1,1246
OIP-TiZsYjy4aoypPYxdrEvwuwHaHa.jpeg,0,1247
eb30b50a2dfc043ed1584d05fb1d4e9fe777ead218ac104497f5c978a4eebdbd_640.jpg,1,1248
OIP-p97M1vw-1yjt60TFuTWpygAAAA.jpeg,0,1249
OIP-UoZF7RlazkRxtnwB_pdILgHaJ4.jpeg,1,1250
OIP-jMeqmfVxouAgK64snl694wHaFj.jpeg,0,1251
ea36b50b2ff6093ed1584d05fb1d4e9fe777ead218ac104497f5c978a7ebb0bb_640.jpg,1,1252
OIP-TM3czNnBzNxp3yFJSZZRswHaE7.jpeg,0,1253
OIP-JSiO56lEMfelcQicorvqcAHaFU.jpeg,0,1254
OIP-hpOBb52Uq5TfirqXLYtnQQHaEY.jpeg,1,1255
e83db50a28f1073ed1584d05fb1d4e9fe777ead218ac104497f5c978a6ebb3bf_640.jpg,0,1256
OIP-0S6RS7x07FsK8M3LNVPK3gHaFj.jpeg,1,1257
OIP-z9OuKNi-K2bjP6PL6C1vcgHaJO.jpeg,0,1258
OIP-oAYv_NvQV84dUPhMjR1RUwHaEK.jpeg,1,1259
OIP-Fk6Q7Wq3WB08nBbV4OAzhQHaKB.jpeg,0,1260
OIP-i1cw5TmTn46QRrUqcEVp3AHaEo.jpeg,1,1261
327.jpeg,1,1262
OIP-k-fdNnq_yUbpAS7lD-7DVwHaHa.jpeg,0,1263
OIP-qZ9LZu9R7Qjm5NAXYk0JuwHaE7.jpeg,1,1264
OIP-xKFkrQwdkZK8fVB5P-lCrgHaFj.jpeg,0,1265
OIP-wHe3r1yEMDjHdJWirHQkkQHaHa.jpeg,1,1266
OIP-p6DD4IzmsRzK2BM-1wBS5AHaE7.jpeg,0,1267
OIP-21Ub9oFXRIzE5xff4Gku3wHaEK.jpeg,0,1268
OIP-Zj_mKxqexgIVpYYrfHFaGAHaLH.jpeg,1,1269
OIP-qRVEhxhzA2Ph71AVxy95GwHaEo.jpeg,1,1270
OIP-UICMfAu1Pg4WOKTXHC_uWgHaE8.jpeg,0,1271
664.jpeg,0,1272
OIP-VbwFyciGnX2IZLA0Pqr9mwAAAA.jpeg,1,1273
OIP-ZH-7-Z2Ip_sPzeKlfGl_9gHaFk.jpeg,1,1274
OIP-gq5AFmd3xARPbiAadxTnzQHaF0.jpeg,0,1275
OIP-5t1QUqJeK3WBCNBHUVJEYAHaFz.jpeg,1,1276
OIP-EEaX63t6-AyqJY-KWf8sjgHaG5.jpeg,0,1277
OIP-15dZUn9iemKpLrIJEas7MwHaLG.jpeg,0,1278
OIP-KKkATm5U8o9Ay1zo6xLziAAAAA.jpeg,1,1279
OIP-ReyEM1RykdbqXiMilRmJmAHaFU.jpeg,1,1280
OIP-9BusWLHk-wx6KV90DqwIxwHaEo.jpeg,0,1281
OIP-ke-J4msQxoYp_-1RR4SAxwHaE7.jpeg,0,1282
OIP-0SwWnZTgIxQGLEKAqkSrdwHaFc.jpeg,1,1283
OIP-o1NDKvAKSzUSZcYoPFYfzwHaFD.jpeg,0,1284
OIP-CjlaN58PBrXvbPEhUo1YHgHaE7.jpeg,1,1285
OIP-nuAoWQU0yMhy9nEY1XRgzQHaG2.jpeg,0,1286
OIP-ZH-7-Z2Ip_sPzeKlfGl_9gHaFk.jpeg,1,1287
OIP-yQMWsa2FU-4ffK5WbAM_4wHaF0.jpeg,1,1288
OIP-HaamHkxcQ5EiNKR5b5rOnwHaFm.jpeg,0,1289
OIP-VuL0KGgPtfQRsTS6ksUA2gHaLH.jpeg,0,1290
OIP-ebzVz-_ahm7ls1wMzzs15gHaGv.jpeg,1,1291
606.jpeg,1,1292
OIP-k8fBJWzNnV_pB9wefz_ZxAAAAA.jpeg,0,1293
OIP-kmFe1EIvgLT86lps5UWSkAAAAA.jpeg,0,1294
OIP-21b8qStyN5swsjUF2jHGlgHaJ4.jpeg,1,1295
OIP-n8zCsLyLgrIN88AXEyZo-wHaEK.jpeg,0,1296
OIP-QRvYgN1UZGuPd2nDZGVqKwHaE8.jpeg,1,1297
OIP-T7bhep1BiEiTHTbgLAuJMAHaE8.jpeg,0,1298
ea30b0062af21c22d2524518b7444f92e37fe5d404b0144390f8c079a4e5b6_640.jpg,1,1299
OIP-6hbIg-9MpmaGnNJ6ZjbL5gHaIY.jpeg,1,1300
OIP-2ywR9AepqtOD-JHXzBm_dAHaFj.jpeg,0,1301
OIP-PR7xS7OUM9toHHZ3ywP6qwHaE2.jpeg,1,1302
OIP-11jTtu4_ICOX2FV0aWCungHaLn.jpeg,0,1303
OIP-lswuz12GTVfoUmEHvTzYrgHaEb.jpeg,0,1304
OIP-490k_WacK3_bFqQArMWohgHaHa.jpeg,1,1305
e837b20c2cf71c22d2524518b7444f92e37fe5d404b0144390f8c079a1e8b6_640.jpg,0,1306
1620.jpeg,1,1307
1243.jpeg,1,1308
e835b50b2ff1013ed1584d05fb1d4e9fe777ead218ac104497f5c978a7eebdbb_640.jpg,0,1309
OIP-vZl3X2txEUROVf0R1inXNgHaFj.jpeg,1,1310
OIP-UgnMvDlpb7WXzlJaxUFEywHaFj.jpeg,0,1311
OIP-rL0V-1TP8VZTyupYhD0xXwHaHa.jpeg,0,1312
OIP-GUHywNxuAKsJ1tHRK64VIgHaNK.jpeg,1,1313
OIP-F_2updzRY8jIhJqG9B3rewHaHD.jpeg,1,1314
OIP-Z8a_JtxkQbTf-VD4v3OjyAHaFj.jpeg,0,1315
OIP-O8g3K7NgPenyYP56n37cPwHaFO.jpeg,1,1316
135.jpeg,0,1317
OIP-1jjM-8OnyUA91PsAU83yKAHaEK.jpeg,1,1318
OIP-FuFq85L51hrmOFov99cmnAEMEs.jpeg,0,1319
OIP-WWFZXI-Sp4NQnSRKCxK-ygHaFi.jpeg,1,1320
OIP-_3S-iEDMQnko7ZHgq_FTcwHaEL.jpeg,0,1321
OIP-yrLONRQAYFpV6BiZ9F5psQAAAA.jpeg,0,1322
OIP-_WyHKgREia-4VijlL6DNswHaFj.jpeg,1,1323
OIP-zbPZNqeqEZ8Nj5QmqSV23gHaE6.jpeg,1,1324
OIP-tEhvifwaM_Hfl4CtONtAdAHaEK.jpeg,0,1325
1623.jpeg,1,1326
OIP-rbTdy59frJSCMkjTeuztSQAAAA.jpeg,0,1327
OIP-Klz80MiPQFzsUkrl6cLK4gHaIF.jpeg,1,1328
eb31b1072bf4093ed1584d05fb1d4e9fe777ead218ac104497f5c97ca5ecb3b9_640.jpg,0,1329
OIP-vFjG2XuJTFGZWv3bd2BPuwHaHa.jpeg,1,1330
e837b30920f3023ed1584d05fb1d4e9fe777ead218ac104497f5c97faee9bdba_640.jpg,0,1331
ea37b90e2df4063ed1584d05fb1d4e9fe777ead218ac104497f5c97ca5edb3bd_640.jpg,0,1332
OIP-exAyOdyr_z1yoMrSBlZJqQHaE3.jpeg,1,1333
OIP-p5zGhWdBgcBQwO2h7WtwuQHaE7.jpeg,0,1334
eb37b60c2dfd093ed1584d05fb1d4e9fe777ead218ac104497f5c978a7eebdbb_640.jpg,1,1335
eb37b60c2dfd093ed1584d05fb1d4e9fe777ead218ac104497f5c978a7eebdbb_640.jpg,1,1336
OIP-HyV30OZmbjIPU59Cag3t8QHaE8.jpeg,0,1337
OIP-w3dl1L1KXZHWjLeiK_qARgHaHa.jpeg,1,1338
OIP-qMA3WxgQh57lrRmi8EleZgAAAA.jpeg,0,1339
OIP-jYzWc-soIbWbg4CTOg78YwHaE6.jpeg,0,1340
588.jpeg,1,1341
OIP-uUvRtT_UTjmvmWTroerrvAHaE7.jpeg,1,1342
OIP-pQu0Qv-1hQpvnNg3CiRONgAAAA.jpeg,0,1343
1219.jpeg,1,1344
OIP-PLI0_qtEX1tS6XfgkldplQHaNd.jpeg,0,1345
OIP-4BG4GBcsd5RKVmVPY-KeKwHaFj.jpeg,0,1346
1219.jpeg,1,1347
OIP-XsmezcsPXHl0Z1RD4Q99EgHaKQ.jpeg,0,1348
403.jpeg,1,1349
ea34b50d29f7003ed1584d05fb1d4e9fe777ead218ac104497f5c97faee8b1b8_640.jpg,1,1350
OIP-c-sa6AmqO-JblHo-HtYjWQHaIS.jpeg,0,1351
OIP-9R4oUNFVRhjVZ9yMLY_uJQHaHm.jpeg,0,1352
OIP-Vl0YzOuUHd_0VVsmJ_1kBAHaEj.jpeg,1,1353
OIP-sn2iT643bmvyhqVqtlmdngHaFj.jpeg,1,1354
ea36b60e2dfd003ed1584d05fb1d4e9fe777ead218ac104497f5c97faee9bdba_640.jpg,0,1355
672.jpeg,1,1356
OIP-hXsZROY6Y2daoZNgGETxfwHaE7.jpeg,0,1357
OIP-3dDSKrJy-mXAwQetL7O53wHaFq.jpeg,1,1358
OIP-rwzMyOZbQEHYnEciAFxkigHaFT.jpeg,0,1359
OIP-PLI0_qtEX1tS6XfgkldplQHaNd.jpeg,0,1360
OIP-YkTZSqE8grCOl8j0wjQzuAAAAA.jpeg,1,1361
OIP-_KpWu9kxE30jovKeO6yMlwHaGP.jpeg,0,1362
OIP-S5-Daw0AIz6I7F4FUl1VDQHaE8.jpeg,1,1363
OIP-NdgnTXQatwxIsMpA5bOUsQHaHa.jpeg,1,1364
OIP-asJ23BXjIejADxtGkmGHkgHaGY.jpeg,0,1365
OIP-8WI5eq75tPkAYD7wv_Ge6wHaHa.jpeg,0,1366
OIP-tDlnjVMMCHXj3XrgB9GJEAHaFj.jpeg,1,1367
ea37b00e21f2033ed1584d05fb1d4e9fe777ead218ac104497f5c97ca5ecb5b1_640.jpg,0,1368
OIP-aTx20NuLabMpKcvXKKphgwHaEM.jpeg,1,1369
OIP-L8hRqnEsiLCj9-JLMlK9dQHaE7.jpeg,1,1370
OIP-GDFXSTMRMABFqDLnKPCMlgHaFm.jpeg,0,1371
OIP-HC9VI766js3rCYFycxnEGwEsCo.jpeg,1,1372
OIP-F3R7AG_h3xFDQGldVvQagQAAAA.jpeg,0,1373
e832b30e2df5053ed1584d05fb1d4e9fe777ead218ac104497f5c978a6e8b0b1_640.jpg,0,1374
OIP-OASA8rIFP0sWj4LpLypW-wHaHa.jpeg,1,1375
eb37b60c2dfd093ed1584d05fb1d4e9fe777ead218ac104497f5c978a7eebdbb_640.jpg,1,1376
OIP-HyV30OZmbjIPU59Cag3t8QHaE8.jpeg,0,1377
OIP-YTa8Ko4TXg5u6ZCDMLiSFQHaLH.jpeg,1,1378
OIP-OX0p49KejHlkXrmKTImA5gAAAA.jpeg,0,1379
OIP-Y-X8BbNXpQyqGzz1HXbG_wAAAA.jpeg,0,1380
770.jpeg,1,1381
OIP-vZl3X2txEUROVf0R1inXNgHaFj.jpeg,1,1382
OIP-p1Te-FvCACdC2g7x_ZpBuAHaE9.jpeg,0,1383
e83db00821f3013ed1584d05fb1d4e9fe777ead218ac104497f5c978a7eebdbb_640.jpg,1,1384
1255.jpeg,0,1385
OIP-CoRMOT-G8eJbr_R4gjV0RgHaIB.jpeg,0,1386
OIP-yo4BhLWnzy03EhF3EMpkFAHaE7.jpeg,1,1387
OIP-yWF_EEgza7h9rU5I4X7AkAHaHQ.jpeg,0,1388
OIP-Otol3-DItJFvXU45p5EGLgHaFj.jpeg,1,1389
OIP-nHGMAbEdy9YebIlf9C-qgAAAAA.jpeg,0,1390
OIP-O8g3K7NgPenyYP56n37cPwHaFO.jpeg,1,1391
1429.jpeg,1,1392
OIP-YTuWozo7bu-9Duxmsh-vFQHaGA.jpeg,0,1393
OIP-5t1QUqJeK3WBCNBHUVJEYAHaFz.jpeg,1,1394
OIP-hJI41XtmlkK6L8DDDJNN5wHaJh.jpeg,0,1395
eb37b60c2dfd093ed1584d05fb1d4e9fe777ead218ac104497f5c978a7eebdbb_640.jpg,1,1396
OIP-HyV30OZmbjIPU59Cag3t8QHaE8.jpeg,0,1397
OIP-mV9EwPnW1hJsmgEQ-HtX_QHaHa.jpeg,0,1398
OIP-hYmb7876zVaIhXcm6XnmqQHaH5.jpeg,1,1399
990.jpeg,1,1400
e832b30e2df5053ed1584d05fb1d4e9fe777ead218ac104497f5c978a6e8b0b1_640.jpg,0,1401
OIP-BRGXdaNFWe0VrnDbBUhpyQHaGM.jpeg,0,1402
OIP-0s9Ku6vZ9treIFugcBdYDQHaIQ.jpeg,1,1403
OIP-3-n6Dqk6x6VXz8sbkyRWJwHaF7.jpeg,0,1404
OIP-YharsH9zZ9W6weJadUawKwHaE8.jpeg,1,1405
OIP-OqfM1x68vXGvng6dYIEH5gHaHa.jpeg,1,1406
OIP-NR8-781QJ4ejjJdJWeSgHQHaFb.jpeg,0,1407
OIP-t-lCH5jrbtyW0yZUMFriQAHaER.jpeg,1,1408
ea36b70f29f2013ed1584d05fb1d4e9fe777ead218ac104497f5c978a6e8b0b1_640.jpg,0,1409
1863.jpeg,1,1410
OIP-pP9DdrAOjHnDzPj5y-UWswHaEK.jpeg,0,1411
OIP-fV2Q9bs2iwgZTJmKSBZYcAHaE7.jpeg,0,1412
OIP-DTDGZ7MtUMUDm0oLGmlLDgHaFj.jpeg,1,1413
OIP-fdP0MQ8WTT7i36wCVVMTrQHaEK.jpeg,0,1414
OIP-XTWh0RU8cNtOUq_r8vEtCQAAAA.jpeg,1,1415
OIP--AAQXm1r1q9pQFMH6vjkhwHaFk.jpeg,0,1416
OIP-imwwWT3LjopkKZ7o6Lu9mwHaE5.jpeg,1,1417
OIP-B4aYLPz4BlyOdejUU1AbAQHaF9.jpeg,1,1418
OIP-fZQ7f94wk6lTRCLsJzU48gHaE8.jpeg,0,1419
OIP-HBFLziPp1iGMOy4LLKjybAHaFU.jpeg,1,1420
OIP--2QiRmtl6rTZY7AxlnML6gHaE7.jpeg,0,1421
OIP-m_3F6-jCF6VJumhHCWyb5wHaFL.jpeg,0,1422
OIP--8UYtBETwRzYg3sYiJqJeAAAAA.jpeg,1,1423
ea34b3072ff0073ed1584d05fb1d4e9fe777ead218ac104497f5c97ca5ecb5b1_640.jpg,0,1424
OIP-OGL8sWVATJXoq2V1GPbwkAHaE8.jpeg,1,1425
OIP-sFFjGS6Y3h_dt1g3p1_i-gHaFj.jpeg,1,1426
OIP-1h9zusUSEHptnuoRSL-H3wHaGG.jpeg,0,1427
OIP-fUq7RGgOzn2Nkg8CPCfS3gHaFj.jpeg,1,1428
OIP-Rw3oXeu15B0uH3n7M7gIlgHaFq.jpeg,0,1429
OIP-v5pnvqdnX9KYUma3PhWijAEiEs.jpeg,0,1430
ea36b2092df2063ed1584d05fb1d4e9fe777ead218ac104497f5c97faee8b1b8_640.jpg,1,1431
OIP-S-2zi3EV-6iFMXLdkOxngQHaGx.jpeg,1,1432
OIP-3DWAPfwse9B8dCv7m5nB5wHaLk.jpeg,0,1433
OIP-e6H3_aCtzXyxuExfwTHcVwHaE8.jpeg,0,1434
ea36b30f2cf0083ed1584d05fb1d4e9fe777ead218ac104497f5c97faee8b1b8_640.jpg,1,1435
OIP-V5A9YtCR-OOXgrDjansSSQHaE8.jpeg,0,1436
OIP-BU4o9_-AOppA6VhFHcQXoQHaFC.jpeg,1,1437
OIP-FXgDq6uJO8Bt5wP11db47gHaFD.jpeg,0,1438
1742.jpeg,1,1439
OIP-QOSXBwWuEDO-zldHxWAsTwHaEK.jpeg,0,1440
OIP-9nkbIUYpaCu-4Z4vJhO4cgHaGp.jpeg,1,1441
OIP-UkAzb9xfX1SpwvKb_ZgLZAHaFx.jpeg,1,1442
OIP-KPzL7Wjn07iKHJTKOwk6pAHaE_.jpeg,0,1443
72.jpeg,1,1444
OIP-Ui3VPCmtqWngvNR4juPO8AHaEc.jpeg,0,1445
OIP-f3CIIDud84uLe7moXJoLpwHaEK.jpeg,1,1446
eb3db2082bfc053ed1584d05fb1d4e9fe777ead218ac104497f5c97ca5ecb5b1_640.jpg,0,1447
OIP-qiXA_OYE3M3guHhdAaIKmwHaFj.jpeg,0,1448
OIP-mp5QL66RGV-dhOckWU1PXAHaHj.jpeg,1,1449
OIP-uaaUnonw9bOt3nfvrNfmmwEZDe.jpeg,0,1450
OIP-N_4Dx4Y_6CJ1INXmLAXowAHaFJ.jpeg,1,1451
OIP-1D6zosikoPzPHorZk567SAHaE8.jpeg,1,1452
eb3cb00f2afd073ed1584d05fb1d4e9fe777ead218ac104497f5c978a4eebdbd_640.jpg,0,1453
ea37b5062ff0003ed1584d05fb1d4e9fe777ead218ac104497f5c97ca5ecb5b1_640.jpg,0,1454
OIP-WZHi3EwD7cCjCDhP3kec9gHaLH.jpeg,1,1455
OIP-BVRU7NmKAdF3pZBA9KT_DgHaFj.jpeg,1,1456
OIP-G-l8tolxituwKhx9sgyFyAHaEX.jpeg,0,1457
OIP-hcLyUUJi_4ABa8fBCANF9AHaFQ.jpeg,1,1458
OIP--onBO5AGxrNBeHD2BoN1GgHaFj.jpeg,0,1459
OIP-sM4sL3IljNG2O7wfxF6ROwHaF7.jpeg,0,1460
OIP-IDTZG94vfrKm_xxqofkIvAHaEN.jpeg,1,1461
OIP-a8SmjuG9q0YIRuGvIv2jIwHaGX.jpeg,0,1462
OIP-zuAzh5L33LhHcfq4NBD9gAHaLH.jpeg,1,1463
OIP-joeTgHE-4kC3MWpWsaOFMAHaHh.jpeg,1,1464
OIP-f-5ZDyk0CfCTSm509j-p4QAAAA.jpeg,0,1465
OIP-iUu_xkAfKjhSunZbxMnffAHaF_.jpeg,0,1466
OIP-hAmll5iqEvXwvktIxb88PgHaFW.jpeg,1,1467
OIP-VJCb6hjpTqqpiemoMGLr-AAAAA.jpeg,0,1468
OIP-ypvnupPWTKy395NuuNHdBwHaE8.jpeg,1,1469
102.jpeg,1,1470
OIP-VdD7uJuDr-Nq5y1cFzdIPAAAAA.jpeg,0,1471
OIP-w3Q1g4dgGHCiV3eVW3j_kwHaEK.jpeg,1,1472
ed30b90621f41c22d2524518b7444f92e37fe5d404b0144390f8c07aa5e4bd_640.jpg,0,1473
OIP-e-F2TFszXfVhj1deY97HZAHaDR.jpeg,0,1474
OIP-olXMkYicHsNNCMKlGnE3HQHaG0.jpeg,1,1475
81.jpeg,0,1476
OIP-D2d-6nMVB46QCp82PwbKBQHaDt.jpeg,1,1477
OIP-dYnhznlnWjaa4UuQXXadCAHaHD.jpeg,1,1478
OIP-Stp_6woaE35hyjxLePiR8gHaD4.jpeg,0,1479
OIP-V4w-NFBPJgYnP80IWbyC-wHaE8.jpeg,0,1480
OIP-Mojm2cVH-daIteosGqCLGgAAAA.jpeg,1,1481
OIP-kIXLs6FzjaQA-8Hxkt6IHgHaFy.jpeg,0,1482
OIP-IxpbCx_2e1bTEhFShEaQJQHaFj.jpeg,1,1483
OIP-kuj1lyixvb0pQlqm66WPKAHaFj.jpeg,1,1484
OIP-nxQmrns5Swc_b3FIAB9u_QHaFL.jpeg,0,1485
OIP-RYmertP_NJ2ppl3jqVumbQHaHg.jpeg,0,1486
OIP-gFAHs1pxjTil2gj_xJbk5AHaEK.jpeg,1,1487
OIP-CL4IgKqQ1Agot40_i_bFvQHaFj.jpeg,0,1488
OIP-S-tvYqp63Xz5dgEJolHYnQHaGb.jpeg,1,1489
OIP-0rl28i9PdxDkBEM3EzU2GgHaMc.jpeg,0,1490
OIP--BKXxWj6jk2y8_PQbxmJ0gHaE9.jpeg,1,1491
OIP-_g6S259EXleTe3oDT79N0wHaFS.jpeg,0,1492
ea36b10c2cf1023ed1584d05fb1d4e9fe777ead218ac104497f5c978a7eebdbb_640.jpg,1,1493
OIP-TfKeJ4UOmXgKSRwrs3mVyAHaHa.jpeg,1,1494
OIP-RBmJq9zLjnr1sSK80kxoOAHaFb.jpeg,0,1495
OIP-ac_6FGVnXPx1-5WhI7DIfQHaFj.jpeg,1,1496
OIP-6bSnzf9ggxKb1sDoTybe3gHaFW.jpeg,0,1497
OIP-U1-cnejXOfA0_LVbx2IHYQHaE9.jpeg,0,1498
OIP-mFszXQ8-KWAh1FC0tv21VAHaHa.jpeg,1,1499
OIP-vgOzmjcLf_g1Q1-rb6oLbAHaDf.jpeg,0,1500
OIP-VvPsM8TldYot9nQaZKYcAQHaFh.jpeg,1,1501
OIP-M6wF2RE2xlCy3zRaIQmNmAHaFj.jpeg,1,1502
OIP-N0NGhNN0MLwt8Y1gcpzhvAHaE8.jpeg,0,1503
OIP-ERgraPYeZiT_ijdmaMa4iQHaH7.jpeg,0,1504
OIP-uWuyTlAomjXpfTZfBjADLgHaFc.jpeg,1,1505
OIP-2iIgQnhozcpL0xQ-EIuEdQHaE7.jpeg,0,1506
OIP-CuSfeaZ_ETKQUox7adb2wAHaHa.jpeg,1,1507
OIP-DzVLTnFEyhcAHrWg76hvbAHaE7.jpeg,1,1508
OIP-Sa1HX_2UhZJd6oXKbh63yAHaE8.jpeg,0,1509
OIP-ISLu8dS1vokebUoUB40XRQHaE2.jpeg,0,1510
ea37b90c20f0063ed1584d05fb1d4e9fe777ead218ac104497f5c978a7e8b7bc_640.jpg,1,1511
1143.jpeg,1,1512
OIP-B82u81DjWvBdZb-s14jUrQHaEL.jpeg,0,1513
ea35b80c2df2073ed1584d05fb1d4e9fe777ead218ac104497f5c978a4efbcb0_640.jpg,0,1514
OIP-b644_Yovh6TjTIz2vZAx2gHaGW.jpeg,1,1515
OIP-JQhms60EDTGsl8dmPdcclgHaFj.jpeg,1,1516
OIP-mSLwG-QN-SQhKnOJAVuFngHaEo.jpeg,0,1517
OIP-ZPyzKCXDaUNiB2n6_DomkwHaFj.jpeg,1,1518
OIP-nlGilYQmBES8kHCike8xvAHaFj.jpeg,0,1519
ea36b40a2ff0063ed1584d05fb1d4e9fe777ead218ac104497f5c97faeebb5bb_640.jpg,0,1520
OIP-_Vf9jXBnJAxf4gGsERpVaQHaE8.jpeg,1,1521
OIP-J3xiIc627FDGliUxaUI5ZgHaEo.jpeg,0,1522
OIP-ZdEdgd96rOvWeQOu97PHBgHaFa.jpeg,1,1523
ea36b00729fc033ed1584d05fb1d4e9fe777ead218ac104497f5c97faee8b1b8_640.jpg,1,1524
ea37b5092dfd033ed1584d05fb1d4e9fe777ead218ac104497f5c97faee8b1b8_640.jpg,0,1525
1144.jpeg,1,1526
OIP-6-YKQVafWBQIKyVKelkergHaGu.jpeg,0,1527
ea37b1082bf7083ed1584d05fb1d4e9fe777ead218ac104497f5c97faee8b1b8_640.jpg,0,1528
1052.jpeg,1,1529
ea36b60721fc033ed1584d05fb1d4e9fe777ead218ac104497f5c978a7eebdbb_640.jpg,1,1530
OIP-eOEQyn7dxsX2TX1_-jSnUAHaFj.jpeg,0,1531
OIP-kHA2Gl7AOXZ1whd7SPImyQHaFi.jpeg,1,1532
OIP-vR8Hzq7ASxQ3y6EalkF2jQHaFb.jpeg,0,1533
OIP-96nHrpFGuUGnWvpy9GLjHQHaLH.jpeg,0,1534
OIP-liOojZuWZMQXMeezm5nBXAHaFt.jpeg,1,1535
934.jpeg,0,1536
OIP-v9-r0dP8I1_HQB7BjOuQgAHaE8.jpeg,1,1537
OIP-ipStzO-49l3_H_2qvsxDEAHaFJ.jpeg,1,1538
108.jpeg,0,1539
OIP-YDPuookTAWL3F_50gBnPIAHaFW.jpeg,0,1540
OIP-K-3A_fED_5wzTO9fxwMxkwHaFP.jpeg,1,1541
OIP-mh5qRAZNobYUgIbiVZ0z0gHaFj.jpeg,0,1542
OIP-YyleXNhHclyVkSf4dwVD8gHaF2.jpeg,1,1543
OIP-wHe3r1yEMDjHdJWirHQkkQHaHa.jpeg,1,1544
ea37b5072dfc053ed1584d05fb1d4e9fe777ead218ac104497f5c97ca5ecb5b1_640.jpg,0,1545
OIP-fJYovnZhVYbJ5Lhd3SDBNgHaEi.jpeg,1,1546
OIP-DyIOBED4ghe5tdBiqRRNbQHaE7.jpeg,0,1547
OIP-1Pe_ZxZFQr0plwkelAMbQQHaEo.jpeg,0,1548
ea35b80a2ef1043ed1584d05fb1d4e9fe777ead218ac104497f5c97faeebb5bb_640.jpg,1,1549
OIP-lXhETdOmtOAvS0ymjf4MAwAAAA.jpeg,0,1550
OIP-NnoFM4ScFVpj3d5JStnL0QHaFj.jpeg,1,1551
